"ID","Description","setSize","enrichmentScore","NES","pvalue","p.adjust","qvalue","rank","leading_edge","core_enrichment","log2err"
"GO:0000387","spliceosomal snRNP assembly",69,-0.690370712963241,-2.6659274785185,1e-10,3.6725e-08,2.43659347598096e-08,3011,"tags=68%, list=21%, signal=54%","9410/25804/57819/23020/25929/9128/10291/10907/6632/6637/10594/8175/9129/6626/10713/51690/10992/9733/83443/9092/6627/4809/84844/7375/6636/11157/79833/6631/6628/50628/79084/10262/10078/27339/9416/10421/24148/54496/79760/25980/9343/6625/10419/26121/23450/79171/6633",NA
"GO:0030490","maturation of SSU-rRNA",69,-0.679813214474671,-2.6251587657145,1e-10,3.6725e-08,2.43659347598096e-08,2370,"tags=49%, list=17%, signal=41%","6227/5822/51504/10171/10813/6223/10528/10436/29777/4809/56902/6217/27341/85395/65095/84916/115939/90121/11157/88745/23212/26574/10607/161424/79050/9277/9136/55272/8602/57647/92856/2091/28987/65083",NA
"GO:0032543","mitochondrial translation",127,-0.604613488987629,-2.5940920787125,1e-10,3.6725e-08,2.43659347598096e-08,2702,"tags=50%, list=19%, signal=41%","5018/285367/51373/6472/84545/51253/57505/64928/8846/51067/118487/80222/115416/124995/5188/51649/28973/740/65003/64981/26589/128308/116541/122704/90480/64975/79590/7818/23438/10573/78988/51073/51116/51204/708/23107/84881/64963/64976/29093/7284/28958/51264/54938/63875/26995/29074/64979/54998/54948/219927/3396/65993/23395/6182/65005/51258/51335/51081/84769/124454/6183/26164/55052",NA
"GO:0042273","ribosomal large subunit biogenesis",75,-0.648630072882134,-2.55846059409412,1e-10,3.6725e-08,2.43659347598096e-08,2391,"tags=40%, list=17%, signal=33%","23246/387338/51504/57418/115416/8225/10969/22907/26168/27043/3692/55178/81554/56342/7284/23212/51550/90441/6838/51491/54663/117246/26155/4706/9875/23481/51154/26164/55794/81887",NA
"GO:0140053","mitochondrial gene expression",167,-0.545945209128066,-2.41640838828898,1e-10,3.6725e-08,2.43659347598096e-08,2702,"tags=46%, list=19%, signal=38%","5018/285367/51373/6472/84545/51253/57505/64928/84705/8846/51067/118487/80222/115416/84148/9238/124995/5442/5188/51649/28973/740/65003/64981/26589/128308/55687/116541/122704/90480/6832/64975/79590/7818/23438/10573/78988/51073/51116/51204/3028/708/23107/84881/10922/64963/64976/29093/7284/28958/51264/54938/63875/26995/29074/56652/64979/54998/54948/219927/60528/3396/81892/65993/23395/6182/80324/65005/51258/51335/51654/51081/84769/124454/6183/26164/55052",NA
"GO:0006119","oxidative phosphorylation",110,-0.583491585455259,-2.41578786075439,1e-10,3.6725e-08,2.43659347598096e-08,3313,"tags=62%, list=23%, signal=48%","6389/4695/1349/4702/4708/387/4724/84275/1716/215/4710/84300/4709/440567/54539/4720/54949/4722/4713/6472/1329/126328/374291/51103/51142/27089/513/7384/1351/4728/65990/4723/10632/4694/29796/30968/506/4726/9377/84277/4712/4717/522/65018/23479/4705/10476/521/891/790955/1337/1327/4696/9551/4697/4700/7415/4731/11315/10975/4716/6390/10105/9555/4706/1340/7386/514",NA
"GO:0009152","purine ribonucleotide biosynthetic process",121,-0.557384336037516,-2.36864771380355,1e-10,3.6725e-08,2.43659347598096e-08,3350,"tags=56%, list=24%, signal=43%","517/6389/4695/107/4702/4708/4832/4724/9060/4710/226/4709/203/54539/4720/4722/4713/2987/126328/374291/513/4728/65990/4723/518/10632/4694/271/30968/506/4726/84277/7040/4712/10201/4717/109/84833/9556/522/204/65018/4705/3614/10476/521/790955/4696/9551/353/4700/2618/7415/4731/516/5604/142/111/4716/2023/6390/4830/56848/471/4706/514/4923/5198",NA
"GO:0046390","ribose phosphate biosynthetic process",141,-0.538479363834948,-2.33273048307295,1e-10,3.6725e-08,2.43659347598096e-08,3350,"tags=54%, list=24%, signal=42%","517/6389/4695/107/4702/4708/4832/4724/9060/4710/226/4709/203/54539/4720/4722/4713/2987/126328/374291/513/4728/65990/4723/518/10632/4694/271/30968/506/4726/84277/7040/978/4712/10201/4717/5631/109/84833/9556/522/204/65018/790/4705/3614/10476/521/790955/4696/9551/353/4700/2618/7415/4731/5635/1503/516/5604/142/111/4716/1723/2023/6390/4830/56848/7371/471/4706/7378/514/4923/5198",NA
"GO:0042255","ribosome assembly",63,-0.601832894030626,-2.31005913465817,1.21110197648398e-07,1.87274610889996e-05,1.24251081037832e-05,2391,"tags=46%, list=17%, signal=38%","23246/5822/387338/79863/27349/115416/8225/2197/6223/22907/29777/3692/27341/51116/55178/708/81554/26284/7284/23212/64745/51335/84769/4706/51154/57647/64763/26164/55794",0.690132458796796
"GO:0006353","DNA-templated transcription termination",45,-0.649678915121508,-2.30615342227231,1.87461071323435e-07,2.68663720755245e-05,1.78250311565691e-05,1906,"tags=47%, list=13%, signal=41%","284119/5434/27297/64425/5435/661/80742/5430/10849/171568/9533/5514/80335/5441/25885/51728/55718/11128/23211/10419/29101",0.690132458796796
"GO:0071826","protein-RNA complex organization",226,-0.486333777081503,-2.23647747000659,1e-10,3.6725e-08,2.43659347598096e-08,2482,"tags=38%, list=18%, signal=32%","9128/10291/10907/23246/5822/387338/79863/6632/10081/6637/27349/8668/28985/10594/8175/9129/6626/115416/8225/56949/79005/2197/10713/51690/10992/6223/22907/9733/83443/9092/55011/29777/6627/4809/728689/6895/84844/3692/8663/8666/27341/7375/55178/100101490/81554/7536/6636/11157/26284/79833/6631/6628/50628/7284/23212/7415/64745/79084/6433/79622/10262/10078/27339/24144/8662/9416/10421/8665/11338/24148/8607/54496/79760/25980/9343/6625/10419/4706/26121/10856/51154/23450/27335/79171/26164/55794/6633",NA
"GO:0048025","negative regulation of mRNA splicing, via spliceosome",26,-0.697264528356075,-2.16818039583572,2.75478730202029e-05,0.00207142994070551,0.00137433156690937,2764,"tags=62%, list=20%, signal=50%","23020/10284/6632/6637/10594/22985/708/6636/5725/6628/6433/11338/25980/9343/10921/6633",0.575610261071129
"GO:0043247","telomere maintenance in response to DNA damage",30,-0.654273608880232,-2.13233906973492,2.43716603588068e-05,0.00185984254893959,0.00123394968579932,2565,"tags=57%, list=18%, signal=46%","51750/5499/10445/64858/1017/29844/7014/328/10459/65057/125476/2067/24144/54386/8607/10856/7515",0.575610261071129
"GO:1902307","positive regulation of sodium ion transmembrane transport",12,-0.778619786631042,-2.05073279594331,0.000202895920025856,0.0125770520495383,0.00834449638420096,783,"tags=33%, list=6%, signal=32%","483/81/54997/53827",0.518848077743792
"GO:0030150","protein import into mitochondrial matrix",23,-0.669011745252306,-2.02020778285199,0.00020547940720825,0.0125770520495383,0.00834449638420096,2497,"tags=48%, list=18%, signal=39%","10245/140823/10953/56993/10469/100287932/84134/25813/80273/10452/92609",0.518848077743792
"GO:0034340","response to type I interferon",100,-0.489914464361795,-2.01227656864236,3.03442263174863e-06,0.000324186679711909,0.000215088127647642,2760,"tags=39%, list=20%, signal=32%","5686/11274/90933/6472/10581/3429/5721/7979/23170/4938/9470/3654/5770/5691/5692/58509/5689/5709/8772/4940/5693/5694/8638/5695/56339/5710/5702/201292/5717/9636/11140/5708/5705/11047/79594/5688/5704/5714/3661",0.627256739718528
"GO:0016226","iron-sulfur cluster assembly",26,-0.641825066557144,-1.99578849959008,0.000390437182368286,0.0215701310225118,0.0143111342479256,2606,"tags=58%, list=18%, signal=47%","84191/64210/51218/64428/9054/9391/51647/27158/57128/23479/10101/4682/388962/57019/4706",0.49849310876659
"GO:0071276","cellular response to cadmium ion",14,-0.74221069843019,-1.98941212815379,0.000584577166106465,0.0292416664828258,0.0194009676729379,1350,"tags=50%, list=10%, signal=45%","4494/6647/4501/4493/4489/4502/5536",0.477270815362862
"GO:1902600","proton transmembrane transport",132,-0.46288012079191,-1.95769594493841,1.35163025485604e-06,0.000162085293419063,0.000107538725254554,3350,"tags=48%, list=24%, signal=37%","517/4695/1349/340061/4702/5250/206358/4708/4724/4710/529/4709/4720/84286/8992/4722/4713/53826/1329/374291/513/7384/1351/4728/9296/4723/518/10632/6564/4694/29796/6548/506/4726/9377/292/4712/4717/522/133308/4705/51296/10476/1186/521/1327/4696/9551/4697/4700/4731/291/516/3954/476/4716/56848/9114/1340/7386/514/155066/53827",0.643551836150722
"GO:0046034","ATP metabolic process",171,-0.43907099824148,-1.94546479063599,3.81066497456264e-07,5.20731799779769e-05,3.45489913159757e-05,3438,"tags=47%, list=24%, signal=36%","5209/201163/517/2597/6389/4695/51024/4702/4708/4724/5214/4710/226/5213/28964/4709/203/54539/4720/4722/7167/4713/4967/126328/2475/374291/706/513/5223/4728/65990/11164/83440/4723/518/10632/4694/271/30968/506/402/57673/6714/4726/65220/84277/7040/4712/4717/84833/9556/522/204/65018/8671/3692/4705/10476/521/790955/2821/4696/3312/64223/9551/339123/7345/4700/7415/4731/516/5604/142/4716/2023/5315/6390/56848/4706/57521/514",0.674962860011025
"GO:1901658","glycosyl compound catabolic process",17,-0.6879722040632,-1.93291751660311,0.000856371288333407,0.0381214976533871,0.0252924690202496,1699,"tags=53%, list=12%, signal=47%","4668/978/4521/2519/2717/2629/100/4860/7378",0.477270815362862
"GO:0032689","negative regulation of type II interferon production",23,-0.638202151849593,-1.92717237529693,0.000972270357107129,0.0420077986644227,0.0278709130472578,1536,"tags=30%, list=11%, signal=27%","654346/284194/708/90865/64115/9173/558",0.477270815362862
"GO:0050819","negative regulation of coagulation",31,-0.579908604911066,-1.9222475657603,0.00105660687369563,0.0443472999273966,0.0294231018871247,1853,"tags=32%, list=13%, signal=28%","634/2243/2161/348/114897/10544/7103/308/5270/5329",0.45505986738723
"GO:0051205","protein insertion into membrane",62,-0.505697112974856,-1.92134510876546,0.000248193706732529,0.0145838622076034,0.00967595466566421,3575,"tags=56%, list=25%, signal=42%","51016/54543/55831/23787/408050/90580/1678/284361/55969/83460/5018/8266/439/26520/23788/140823/26521/26517/6449/56993/10430/56851/4580/23065/29927/29928/617/56926/25813/51234/23420/283820/10328/26519/10452",0.49849310876659
"GO:0032926","negative regulation of activin receptor signaling pathway",16,-0.674766142876474,-1.91844084560207,0.00255854415541424,0.0812648943633192,0.0539168172721431,958,"tags=44%, list=7%, signal=41%","168002/10272/56926/10468/2280/23420/6497",0.431707695803346
"GO:0048483","autonomic nervous system development",15,0.682033560146692,1.91781335967403,0.00103937598120147,0.0442563280111584,0.029362744752311,1192,"tags=33%, list=8%, signal=31%","10371/2335/7976/4763/65979",0.45505986738723
"GO:0002227","innate immune response in mucosa",15,-0.701914958146015,-1.90940605086727,0.00145989907986307,0.0566296446574503,0.0375720688140132,874,"tags=33%, list=6%, signal=31%","8970/8349/9075/3017/85236",0.45505986738723
"GO:0070129","regulation of mitochondrial translation",20,-0.64348324375432,-1.90017040461168,0.00152100440228119,0.0584145220117927,0.0387562813441744,3030,"tags=65%, list=21%, signal=51%","84300/285367/6472/8846/115416/51204/708/84881/28958/26995/51335/84769/26164",0.45505986738723
"GO:1902916","positive regulation of protein polyubiquitination",11,0.724284993840041,1.89169210243072,0.0014101429562896,0.0559304575389715,0.0371081791553678,3509,"tags=73%, list=25%, signal=55%","64127/329/8767/7336/331/64844/1654/7335",0.45505986738723
"GO:1904706","negative regulation of vascular associated smooth muscle cell proliferation",14,0.671015445427354,1.88725402056785,0.00236562916066502,0.0767979941882192,0.0509531631334074,820,"tags=43%, list=6%, signal=40%","27250/6648/1027/7168/5728/7043",0.431707695803346
"GO:0051547","regulation of keratinocyte migration",11,0.721909682786561,1.8854882500813,0.00156258692071497,0.0588574406802639,0.0390501445812028,1459,"tags=36%, list=10%, signal=33%","8754/5728/83481/54566",0.45505986738723
"GO:0044786","cell cycle DNA replication",38,-0.558290601133255,-1.88202616709441,0.000457181897323145,0.0242018092673045,0.0160571737420421,1776,"tags=34%, list=13%, signal=30%","5976/5888/4171/8318/7083/7014/4172/58525/9400/81620/8882/2237/3978",0.49849310876659
"GO:0042762","regulation of sulfur metabolic process",13,0.691716415939093,1.87163440636779,0.00187513523680892,0.0644344716461357,0.0427503371657602,1587,"tags=46%, list=11%, signal=41%","5165/5163/54704/6667/5166/4780",0.45505986738723
"GO:0044320","cellular response to leptin stimulus",12,0.695347743408753,1.86406698213097,0.00435421149060612,0.114220297851793,0.0757817379360872,61,"tags=17%, list=0%, signal=17%","7357/3625",0.407017918923954
"GO:0007005","mitochondrion organization",320,-0.383254347579846,-1.86007009779767,9.32108309583368e-08,1.52140789641996e-05,1.0094084560171e-05,3171,"tags=40%, list=22%, signal=31%","4832/4724/28978/54974/84275/125170/84300/51300/7157/666/90580/1678/255027/84303/4720/23761/55969/125988/54949/56947/5018/4722/11331/2189/55486/84334/3791/207/90871/8192/64423/2876/374291/51103/284114/51142/835/84895/6341/79064/513/51537/26520/4728/23788/10572/6742/51295/51287/140823/51547/55572/201164/400916/79135/30968/7755/9997/26521/578/5138/292/28976/26517/54471/6832/27166/57805/65018/192111/284184/2021/90529/89941/84987/54978/25880/790955/56993/3028/2537/4580/2810/81554/124997/91942/8326/80179/644096/55245/55154/581/131474/29928/617/28958/4700/23400/23277/25813/283951/11315/440957/9131/57143/9093/142/3954/5245/137994/9927/55735/2931/8834/132299/55101/55210/10105/26519/84902/10452/7386/8878/79594/5329/83858/92609",0.704975715167238
"GO:0006611","protein export from nucleus",51,-0.501605399285035,-1.85622637669971,0.00113724223518806,0.0470594040420074,0.031222501530921,2144,"tags=37%, list=15%, signal=32%","8498/2010/51547/1029/5905/7040/10411/9531/2810/10541/11315/55696/27351/10204/57510/5901/8021/23214/3553",0.45505986738723
"GO:0030835","negative regulation of actin filament depolymerization",40,0.507309296060985,1.84252726803503,0.000632884298339089,0.0302343750978901,0.0200596000310089,2546,"tags=38%, list=18%, signal=31%","130271/6840/29767/2059/120/23075/10677/85477/5290/29766/55604/5962/7111/51474/136319",0.477270815362862
"GO:0031639","plasminogen activation",18,-0.650695759996258,-1.8327238953885,0.00439708244197201,0.114298752630088,0.0758337903257276,1639,"tags=50%, list=12%, signal=44%","2243/2161/302/1522/6281/4241/2023/5270/5329",0.407017918923954
"GO:0051489","regulation of filopodium assembly",32,0.518894369189283,1.8324331256394,0.00399937268414116,0.107799605009236,0.0715218010289528,1573,"tags=31%, list=11%, signal=28%","27067/653464/117177/54874/23433/7043/8976/23613/5898/139818",0.407017918923954
"GO:0010745","negative regulation of macrophage derived foam cell differentiation",10,0.737048083053135,1.83148521527532,0.00268477683873897,0.0824431234599232,0.0546985368990992,906,"tags=40%, list=6%, signal=37%","19/5465/3685/23461",0.431707695803346
"GO:0019731","antibacterial humoral response",30,-0.558979093254719,-1.8217653035891,0.00258510629016642,0.0816671212957952,0.054183682764188,1946,"tags=30%, list=14%, signal=26%","2197/6590/2243/5266/8970/8349/3017/85236/1755",0.431707695803346
"GO:0045669","positive regulation of osteoblast differentiation",39,0.497793111584938,1.8215973832148,0.00167895385427552,0.0605247413970733,0.0401563485428301,1851,"tags=31%, list=13%, signal=27%","10979/93/658/860/92/5530/51430/657/7473/659/10413/4090",0.45505986738723
"GO:0042573","retinoic acid metabolic process",16,-0.637053641847633,-1.81121969479697,0.00834798441954701,0.156218969583625,0.103646595537625,848,"tags=25%, list=6%, signal=24%","8644/10170/126/29785",0.380730400722792
"GO:1901028","regulation of mitochondrial outer membrane permeabilization involved in apoptotic signaling pathway",19,-0.61645007082117,-1.80745004204323,0.00733248884229601,0.146550015092964,0.0972315345624035,3162,"tags=63%, list=22%, signal=49%","28978/666/255027/284114/10572/7755/578/292/54978/8326/2931/79594",0.407017918923954
"GO:0010273","detoxification of copper ion",9,-0.781750409809428,-1.80328131957486,0.00165045158545406,0.0602363572430313,0.0399650143159234,1350,"tags=67%, list=10%, signal=60%","4494/11315/4501/4493/4489/4502",0.45505986738723
"GO:1905091","positive regulation of type 2 mitophagy",9,-0.779079405348991,-1.79712005328376,0.00177989699248649,0.0622540162372062,0.0413036704743879,1441,"tags=44%, list=10%, signal=40%","65018/11140/7416/79594",0.45505986738723
"GO:0032200","telomere organization",164,-0.40629350526065,-1.79589233389235,3.39200318677762e-05,0.00249142634068816,0.00165298656708179,2786,"tags=35%, list=20%, signal=29%","85456/10575/6117/8352/51750/5499/10445/56252/197370/2547/80198/64858/5394/9212/3183/1017/11284/4609/6714/10574/5976/55505/4000/3184/7517/23381/54552/3104/5888/29844/8370/54984/7014/328/55651/10459/65057/56160/6118/7203/125476/55135/554313/2067/3021/5371/54433/22948/142/5514/79035/24144/54386/2237/8607/10856/7515/3978",0.557332238758646
"GO:0010649","regulation of cell communication by electrical coupling",11,0.685474900676352,1.79032765700281,0.00463192885219375,0.116812076976354,0.0775013055619796,920,"tags=36%, list=7%, signal=34%","5144/288/817/444",0.407017918923954
"GO:0046777","protein autophosphorylation",93,0.403195893793387,1.78945901620385,0.00017468910923775,0.0114052578431225,0.0075670461136645,2665,"tags=33%, list=19%, signal=27%","79834/23043/3480/3717/5613/23235/54206/9262/22853/4067/9706/27102/4117/65975/23604/3643/6789/92597/1859/2932/9943/9770/10040/2045/440275/51765/6872/9748/225689/7294/200576",0.518848077743792
"GO:0010755","regulation of plasminogen activation",15,-0.657162858539327,-1.78766775652499,0.00567061718334253,0.127177658661529,0.084378557763163,1559,"tags=53%, list=11%, signal=48%","2161/302/1522/6281/4241/2023/5270/5329",0.407017918923954
"GO:0043032","positive regulation of macrophage activation",13,-0.681344959482515,-1.78351366030098,0.00732760904699036,0.146550015092964,0.0972315345624035,1526,"tags=38%, list=11%, signal=34%","3735/1050/90865/9173/3566",0.407017918923954
"GO:0006686","sphingomyelin biosynthetic process",12,0.664506737913459,1.78138935703698,0.00959928829399732,0.169385639686271,0.112382285795624,1766,"tags=42%, list=12%, signal=36%","259230/9517/142891/166929/10087",0.380730400722792
"GO:0010887","negative regulation of cholesterol storage",8,0.757747518763172,1.78094239110377,0.00357279431729558,0.0990270726812682,0.0657014892418436,243,"tags=38%, list=2%, signal=37%","19/158219/5465",0.431707695803346
"GO:0002431","Fc receptor mediated stimulatory signaling pathway",23,0.55836437832273,1.7806737849468,0.00742864878817482,0.147968611116323,0.098172730427773,1818,"tags=39%, list=13%, signal=34%","5747/961/5795/4067/2534/5581/55198/26060/10451",0.407017918923954
"GO:0060396","growth hormone receptor signaling pathway",20,0.575685883223519,1.77699407714849,0.00574723378784959,0.128118011057486,0.085002453341954,1179,"tags=40%, list=8%, signal=37%","5747/3717/3716/55777/4067/8835/1438/54741",0.407017918923954
"GO:0019233","sensory perception of pain",28,-0.554732662715719,-1.76719440008202,0.0083362281587905,0.156218969583625,0.103646595537625,837,"tags=18%, list=6%, signal=17%","2171/59344/11343/134/4923",0.380730400722792
"GO:0042117","monocyte activation",8,0.751081643997018,1.76527551176616,0.00425548537706619,0.112406726620953,0.0745784878804598,206,"tags=50%, list=1%, signal=49%","8754/2335/64332/27086",0.407017918923954
"GO:0002923","regulation of humoral immune response mediated by circulating immunoglobulin",6,0.838653050262159,1.75740735246339,0.00267106044322162,0.0824431234599232,0.0546985368990992,1185,"tags=50%, list=8%, signal=46%","55061/4179/2302",0.431707695803346
"GO:0051882","mitochondrial depolarization",16,-0.61527614030648,-1.7493036533465,0.0128001315868032,0.194970842503428,0.129357299618888,3468,"tags=62%, list=25%, signal=47%","25/215/666/3791/706/6714/1029/2537/8326/142",0.380730400722792
"GO:0031424","keratinization",26,-0.56198949851357,-1.74753563932972,0.00725883291528164,0.146550015092964,0.0972315345624035,4139,"tags=65%, list=29%, signal=46%","84518/3855/3887/3851/3892/196374/3854/2125/3868/3853/5493/5266/3858/1001/6698/6707/3852",0.407017918923954
"GO:2000234","positive regulation of rRNA processing",13,-0.666501711947552,-1.7446594288674,0.0123898307942083,0.192599591922667,0.127784046060004,2347,"tags=46%, list=17%, signal=39%","51504/51547/55352/114049/79084/10419",0.380730400722792
"GO:0006882","intracellular zinc ion homeostasis",24,-0.566522042212831,-1.74450519233013,0.00994734427476444,0.173334203673616,0.115002039437846,1848,"tags=38%, list=13%, signal=33%","7922/7780/57192/4494/23400/4501/4493/4489/4502",0.380730400722792
"GO:0006334","nucleosome assembly",60,-0.45664098428517,-1.74432744279156,0.0011064123519256,0.0461083615596796,0.0305915134008132,2678,"tags=35%, list=19%, signal=28%","8352/266812/1616/8208/55723/29855/6749/9733/54107/8370/3014/10036/8970/79903/554313/8349/3021/55506/9555/3006/83743",0.45505986738723
"GO:0061548","ganglion development",9,0.719795100749858,1.73821111328988,0.00477919405559503,0.117010601127818,0.0776330203753989,921,"tags=33%, list=7%, signal=31%","10371/7976/51804",0.407017918923954
"GO:0060416","response to growth hormone",30,0.514249529832757,1.73655632457921,0.0048536965195655,0.117852565078375,0.0781916381749738,1579,"tags=33%, list=11%, signal=30%","5747/3717/3488/3716/55777/4067/8835/1438/54741/445",0.407017918923954
"GO:0006405","RNA export from nucleus",86,-0.4360758214567,-1.73621374569921,0.0005440095022909,0.0277965203083594,0.0184421565795291,2792,"tags=33%, list=20%, signal=26%","55308/22794/11269/4116/79228/26993/7979/100101267/9883/5976/23381/84321/8563/10482/10212/2079/10189/57510/23511/5901/29107/79902/9775/23636/8021/8480/9688/65083",0.477270815362862
"GO:1900047","negative regulation of hemostasis",29,-0.536281048813038,-1.73435008913155,0.0129073617654584,0.194970842503428,0.129357299618888,4012,"tags=48%, list=28%, signal=35%","1906/7391/5055/7056/10019/5154/634/2243/2161/348/114897/7103/5270/5329",0.380730400722792
"GO:0055078","sodium ion homeostasis",16,-0.609383961716101,-1.73255148491497,0.0147082027918031,0.212870442375948,0.141233146663694,1933,"tags=38%, list=14%, signal=32%","6548/133308/483/476/54997/53827",0.380730400722792
"GO:0071360","cellular response to exogenous dsRNA",13,-0.661851004688227,-1.73248556625694,0.0134946421417157,0.202281931695718,0.134207987768172,2084,"tags=38%, list=15%, signal=33%","4938/4940/10084/79594/3661",0.380730400722792
"GO:0038180","nerve growth factor signaling pathway",9,0.716638168918869,1.73058753543167,0.00504717865116852,0.120925218195909,0.0802302512560178,2595,"tags=78%, list=18%, signal=64%","627/6272/9693/9863/8036/57498/5906",0.407017918923954
"GO:1901880","negative regulation of protein depolymerization",60,0.427300008734114,1.73031334376445,0.00126671900054185,0.0513326954978201,0.0340577020978913,2061,"tags=32%, list=15%, signal=27%","130271/6840/29767/2059/120/23075/10677/23332/50810/146057/85477/6314/5290/29766/55604/5962/4131/7111/57551",0.45505986738723
"GO:0071806","protein transmembrane transport",68,-0.451482158361125,-1.72937526494532,0.00231692784394173,0.076360045290079,0.0506625971897665,2497,"tags=38%, list=18%, signal=32%","10245/5830/23480/6748/441150/2671/140823/10953/9409/10952/563/56993/10469/100287932/29927/131474/84134/5195/29928/5192/25813/9131/80273/388552/10452/92609",0.431707695803346
"GO:0048246","macrophage chemotaxis",22,0.538134788158555,1.72444833241055,0.0100064009671802,0.173334203673616,0.115002039437846,934,"tags=27%, list=7%, signal=26%","5747/6288/57509/5795/79647/8995",0.380730400722792
"GO:0003084","positive regulation of systemic arterial blood pressure",8,-0.782261755120883,-1.72334459620822,0.00260492422507677,0.0818531269869043,0.054307091955053,1968,"tags=62%, list=14%, signal=54%","5770/1535/2022/3291/134",0.431707695803346
"GO:0010544","negative regulation of platelet activation",11,-0.683542511462248,-1.72204120991201,0.00796246471278285,0.153794198114929,0.102037832476667,3336,"tags=64%, list=24%, signal=49%","7056/10019/5154/634/348/114897/5270",0.380730400722792
"GO:0086005","ventricular cardiac muscle cell action potential",18,0.5622831256844,1.72179665182025,0.0247904990530523,0.277673299612038,0.184227896606889,1955,"tags=39%, list=14%, signal=34%","1824/23171/23327/5318/1739/388591/10008",0.352487857583619
"GO:0006787","porphyrin-containing compound catabolic process",10,-0.709845302718909,-1.71669817680506,0.00733128650663519,0.146550015092964,0.0972315345624035,1283,"tags=40%, list=9%, signal=36%","7389/4363/645/3163",0.407017918923954
"GO:0036315","cellular response to sterol",15,0.609644660136414,1.71426267295715,0.0116931953236812,0.187730097600958,0.124553282793673,1391,"tags=40%, list=10%, signal=36%","3625/19/51141/4040/5727/151556",0.380730400722792
"GO:0036376","sodium ion export across plasma membrane",9,-0.740849920325511,-1.70893523708825,0.00490237930452934,0.118544776927631,0.0786508999519359,2587,"tags=67%, list=18%, signal=55%","53826/6548/8671/483/476/53827",0.407017918923954
"GO:0006883","intracellular sodium ion homeostasis",14,-0.637304800908627,-1.70822369300233,0.013190521438558,0.198737189674274,0.13185615787478,783,"tags=29%, list=6%, signal=27%","483/476/54997/53827",0.380730400722792
"GO:0045332","phospholipid translocation",41,0.456296420730098,1.70760429550708,0.00506256018995806,0.120925218195909,0.0802302512560178,969,"tags=24%, list=7%, signal=23%","81671/19/5205/196527/55754/23120/10955/338440/440026/256987",0.407017918923954
"GO:0051168","nuclear export",158,-0.390462688673066,-1.70498728799193,0.000183213526123666,0.0117017682554637,0.00776377186894593,2150,"tags=27%, list=15%, signal=23%","7979/8498/2010/51547/100101267/9883/1029/5976/5905/7040/23381/84321/8563/10411/9531/3692/10482/10212/2810/2079/10541/11315/161424/7329/55696/27351/10204/10189/57510/23511/5901/5902/29107/79902/9775/23636/8021/23214/8480/3553/9688/65083",0.518848077743792
"GO:0034350","regulation of glial cell apoptotic process",10,0.685987761510057,1.70460580788853,0.0104283521273411,0.176590769741372,0.117162673239015,2006,"tags=60%, list=14%, signal=52%","5885/5583/2621/5578/5584/9590",0.380730400722792
"GO:0032259","methylation",200,-0.376588609445522,-1.7041299749638,7.63107759621279e-05,0.00540243517534293,0.00358435352012271,2371,"tags=26%, list=17%, signal=22%","10400/387338/51504/84705/6632/55695/6637/6301/65990/27037/23070/751071/23067/339175/1786/10528/56981/1312/10436/4809/387893/114049/23463/110599564/6839/51451/55178/3028/56978/6636/28989/6628/10322/79091/56339/196410/51603/10785/196483/9739/9757/54496/56257/79922/115708/3276/117246/7298/10419/4234/2091/55621/6633",0.538434096309916
"GO:0034453","microtubule anchoring",25,0.517388286113084,1.70130992260185,0.0121278006819269,0.190542665259365,0.126419336982163,3507,"tags=56%, list=25%, signal=42%","22981/80323/84376/23332/2932/636/9648/9857/11116/51199/11127/5108/399693/23122",0.380730400722792
"GO:0055006","cardiac cell development",44,0.459667029485021,1.6977119626982,0.00184572955096973,0.0637970990676362,0.0423274595982882,896,"tags=20%, list=6%, signal=19%","10529/27250/8470/4211/27086/5465/1525/80206/10611",0.45505986738723
"GO:0070671","response to interleukin-12",9,0.701369075286419,1.69371466950894,0.00790569658344372,0.153313112621503,0.101718646697315,1197,"tags=44%, list=8%, signal=41%","961/64332/3717/23236",0.380730400722792
"GO:0051987","positive regulation of attachment of spindle microtubules to kinetochore",11,-0.670181260297636,-1.68838035526783,0.0116023558012215,0.187730097600958,0.124553282793673,2127,"tags=55%, list=15%, signal=46%","9212/3619/891/22933/55920/332",0.380730400722792
"GO:0001523","retinoid metabolic process",50,-0.474519405769754,-1.68757231410691,0.00248135620494235,0.0796745850286408,0.0528616947807424,1685,"tags=26%, list=12%, signal=23%","10901/231/348/84649/8824/317749/112724/8644/10170/126/3991/5950/29785",0.431707695803346
"GO:1903428","positive regulation of reactive oxygen species biosynthetic process",14,0.598404148855342,1.68303225141483,0.0175465739605395,0.232132558178594,0.154012982115925,1388,"tags=29%, list=10%, signal=26%","6648/2309/5873/6526",0.352487857583619
"GO:0002890","negative regulation of immunoglobulin mediated immune response",7,0.753540724550653,1.68271943478926,0.0156173489759551,0.216395305843057,0.143571787733178,1185,"tags=43%, list=8%, signal=39%","55061/4179/2302",0.380730400722792
"GO:0070486","leukocyte aggregation",8,-0.763030759027961,-1.68097817220821,0.00471653496303802,0.116845673177842,0.0775235956328752,776,"tags=38%, list=5%, signal=35%","5880/3553/4478",0.407017918923954
"GO:0046149","pigment catabolic process",9,-0.723844253822932,-1.6697078822366,0.00850576844245864,0.156793237969219,0.104027605367931,640,"tags=33%, list=5%, signal=32%","4363/645/3163",0.380730400722792
"GO:0019896","axonal transport of mitochondrion",14,0.593118497762874,1.66816617591157,0.0190478713551606,0.244378366993283,0.162137708560031,1242,"tags=29%, list=9%, signal=26%","9823/6683/51566/55860",0.352487857583619
"GO:1903490","positive regulation of mitotic cytokinesis",13,-0.636118767545056,-1.66512791457664,0.0216189740520395,0.260848237227483,0.17306497292025,2166,"tags=54%, list=15%, signal=46%","23265/9212/3619/9727/26073/23636/332",0.352487857583619
"GO:0072594","establishment of protein localization to organelle",320,-0.342739831920509,-1.66343869731763,1.34337486781168e-05,0.00108132475661115,0.000717426507113801,2702,"tags=30%, list=19%, signal=25%","5018/8692/8943/9789/11331/207/10245/5830/23480/6748/51307/441150/2671/8266/25930/26520/7879/23788/6734/2316/26262/1994/4851/140823/100101267/1072/9883/55723/10953/26521/9409/84313/55764/7040/28972/10952/26517/128866/7249/58477/79720/9531/6449/56993/4580/65057/10469/3312/100287932/6396/30000/29927/131474/55135/84134/5195/29928/9679/617/22879/10155/90637/55275/5192/25813/27183/9146/90865/9131/9709/55696/8882/10204/142/10758/5514/79035/51172/6730/23511/5901/84315/79902/80273/23163/55506/9555/23636/8021/55612/26519/10856/10452/8878/112869/9688/92609",0.593325476396405
"GO:0051900","regulation of mitochondrial depolarization",13,-0.632578519828327,-1.6558608317638,0.0237963888308823,0.272568383567767,0.180840938096636,3116,"tags=62%, list=22%, signal=48%","215/666/3791/706/6714/2537/8326/142",0.352487857583619
"GO:0061621","canonical glycolysis",17,-0.58919168307278,-1.65538508405148,0.0175562202183236,0.232132558178594,0.154012982115925,5303,"tags=82%, list=38%, signal=52%","5230/3607/2027/3098/5211/5224/2597/5214/226/5213/7167/5223/2023/5315",0.352487857583619
"GO:0061718","glucose catabolic process to pyruvate",17,-0.58919168307278,-1.65538508405148,0.0175562202183236,0.232132558178594,0.154012982115925,5303,"tags=82%, list=38%, signal=52%","5230/3607/2027/3098/5211/5224/2597/5214/226/5213/7167/5223/2023/5315",0.352487857583619
"GO:0034111","negative regulation of homotypic cell-cell adhesion",9,-0.71606886431377,-1.65177221571395,0.0111482640981688,0.183493556977143,0.121742465300217,1853,"tags=44%, list=13%, signal=39%","634/114897/5604/5270",0.380730400722792
"GO:0008154","actin polymerization or depolymerization",138,0.354511970582586,1.64903457001215,0.00039278489098175,0.0215701310225118,0.0143111342479256,2004,"tags=25%, list=14%, signal=21%","51571/9897/130271/6840/29767/10152/2059/3717/120/23075/343578/5921/10677/10602/85464/9530/93663/55740/10810/8976/10565/51429/5581/1073/11034/85477/9873/5290/29766/55761/55604/5962/4690/7111",0.49849310876659
"GO:0090306","meiotic spindle assembly",9,0.682135738740517,1.64726867495452,0.0122359264958927,0.191218893856026,0.126867994350957,744,"tags=22%, list=5%, signal=21%","9897/5728",0.380730400722792
"GO:0032305","positive regulation of icosanoid secretion",7,-0.744721192828732,-1.64603588015749,0.0250869987113944,0.277761666290305,0.184286525244536,77,"tags=29%, list=1%, signal=28%","4923/3553",0.352487857583619
"GO:0051930","regulation of sensory perception of pain",8,-0.744973111130054,-1.6411966672051,0.00663649747865236,0.140779997056178,0.0934033008511102,837,"tags=38%, list=6%, signal=35%","2171/11343/134",0.407017918923954
"GO:0030431","sleep",9,-0.710444306047176,-1.63879792017698,0.0119740468569006,0.189891446026153,0.125987272575062,1109,"tags=44%, list=8%, signal=41%","1437/142/134/100",0.380730400722792
"GO:0010248","establishment or maintenance of transmembrane electrochemical gradient",7,-0.740463147844366,-1.63662444552788,0.0263335420035679,0.282880974063921,0.187683032235069,1753,"tags=57%, list=12%, signal=50%","578/581/476/53827",0.352487857583619
"GO:2001256","regulation of store-operated calcium entry",8,0.695206682862683,1.63395197137656,0.0170597307696392,0.230443627591724,0.152892427384991,2291,"tags=62%, list=16%, signal=52%","6786/9456/9455/51669/196996",0.352487857583619
"GO:0090132","epithelium migration",69,0.396387703248475,1.63330315471038,0.00467546800597191,0.116845673177842,0.0775235956328752,1798,"tags=22%, list=13%, signal=19%","8754/5747/23499/79977/100506658/5801/11221/23332/5728/5581/1793/83481/54566/659/5586",0.407017918923954
"GO:0046847","filopodium assembly",48,0.42690791823245,1.62871950431143,0.00247716448276908,0.0796745850286408,0.0528616947807424,2983,"tags=38%, list=21%, signal=30%","27067/653464/117177/26052/54874/23433/7043/8976/23613/5898/23380/139818/121512/387804/2332/55785/89846/998",0.431707695803346
"GO:0051984","positive regulation of chromosome segregation",26,-0.523567652679542,-1.62806090697015,0.0169762693205902,0.230018845638622,0.15261059731402,2286,"tags=35%, list=16%, signal=29%","29781/9212/3619/9587/891/23397/22933/55920/332",0.352487857583619
"GO:0045187","regulation of circadian sleep/wake cycle, sleep",8,-0.738569496949681,-1.62708932548513,0.00763822060582232,0.14927735918923,0.0990410454764179,1109,"tags=50%, list=8%, signal=46%","1437/142/134/100",0.407017918923954
"GO:0002687","positive regulation of leukocyte migration",86,0.369721291237145,1.62541683575476,0.00269385291087564,0.0824431234599232,0.0546985368990992,2155,"tags=27%, list=15%, signal=23%","5747/961/6868/80310/90550/23075/196527/6364/5764/5795/79647/81704/2621/8995/3576/64065/23604/375056/9943/102/4739/5594/3383",0.431707695803346
"GO:0070286","axonemal dynein complex assembly",20,0.52627286883524,1.6244688260335,0.0215605244797389,0.260678275397008,0.172952208349168,2475,"tags=30%, list=18%, signal=25%","1767/6674/79645/54970/83544/79819",0.352487857583619
"GO:0106027","neuron projection organization",67,0.402509631327214,1.62341364575257,0.00253746852555791,0.0810335057400995,0.0537632978685343,2429,"tags=33%, list=17%, signal=27%","27067/5357/10152/9743/3480/5663/5728/9456/2534/10611/2043/8976/23181/23613/5048/3643/9762/2932/4739/91752/51104/26128",0.431707695803346
"GO:0006457","protein folding",191,-0.359831471472125,-1.61964512751521,0.000670725427801754,0.0317837307561541,0.0210875509878231,2395,"tags=27%, list=17%, signal=22%","6903/23386/2671/64772/7846/9141/23759/402/10574/8260/10465/8570/1861/81562/3310/23753/6902/9531/10598/84987/6904/7456/5201/7203/3312/5202/10726/131474/1155/28958/23640/10131/10471/9131/22948/2280/5480/8882/9093/169714/9894/8425/9526/642489/11140/3306/80273/80331/10105/6625/10856",0.477270815362862
"GO:0055003","cardiac myofibril assembly",5,0.790562477764861,1.61886467183577,0.0262380944372928,0.282880974063921,0.187683032235069,733,"tags=40%, list=5%, signal=38%","10529/80206",0.352487857583619
"GO:2000114","regulation of establishment of cell polarity",19,0.523729009813778,1.61662778338376,0.0346587607471373,0.326451576171581,0.216590818440674,3324,"tags=47%, list=24%, signal=36%","51571/81704/10565/22902/57698/9585/6093/889/9475",0.321775918075361
"GO:0032272","negative regulation of protein polymerization",59,0.403666921966059,1.6163368321565,0.00694314671631224,0.144673511010818,0.0959865304496172,2004,"tags=25%, list=14%, signal=22%","51571/6840/29767/2059/120/10677/85464/10565/85477/8874/1859/29766/55604/5962/7111",0.407017918923954
"GO:0003298","physiological muscle hypertrophy",15,0.57448759894528,1.61540436805976,0.023402831469208,0.271662370162492,0.180239825407067,896,"tags=33%, list=6%, signal=31%","8470/4211/27086/5465/10611",0.352487857583619
"GO:0090303","positive regulation of wound healing",46,0.420093380786759,1.61365545215883,0.007013067019394,0.145000013640614,0.0962031551406048,1205,"tags=20%, list=9%, signal=18%","5747/1824/10979/100506658/196527/9076/301/10565/5581",0.407017918923954
"GO:0061734","type 2 mitophagy",14,-0.601516931981141,-1.61229834372388,0.0312265688531064,0.313639404164171,0.208090327024363,1441,"tags=43%, list=10%, signal=39%","65018/100287932/9927/11140/7416/79594",0.352487857583619
"GO:0048667","cell morphogenesis involved in neuron differentiation",336,0.30516494654561,1.60893926472461,2.21314039420816e-05,0.00171110696794305,0.0011352680938858,2602,"tags=26%, list=18%, signal=22%","5747/27067/23499/59277/10371/9175/5357/4897/6868/10152/23022/23043/6792/9743/7976/8301/7074/9252/3897/51062/7204/8609/288/1000/80208/84612/5727/22903/56288/5764/23327/6259/5795/5728/6683/9706/2534/153478/10611/55740/2043/8976/627/23181/203228/23032/6091/9693/7436/157657/8997/85440/26230/5048/5578/22902/4205/6654/54798/54664/10890/9762/64218/659/25942/4781/2932/4983/1946/4131/214/2045/6498/345651/4898/66008/57698/23390/999/1948/10160/26128/144165/5532/8239/55605/57453/2803",0.575610261071129
"GO:0016137","glycoside metabolic process",14,-0.600214091456752,-1.60880622653162,0.0318328911286167,0.313639404164171,0.208090327024363,2799,"tags=71%, list=20%, signal=57%","57016/1645/4668/231/8574/2519/8644/2717/1646/2629",0.321775918075361
"GO:1901077","regulation of relaxation of muscle",7,0.719596207127517,1.60691848958286,0.028593967040737,0.29896468030493,0.198354088381137,1261,"tags=43%, list=9%, signal=39%","5144/817/2770",0.352487857583619
"GO:0070327","thyroid hormone transport",7,-0.727012280137949,-1.60689437865559,0.0371590070477802,0.338568190578799,0.224629828274739,3443,"tags=86%, list=24%, signal=65%","8140/6520/6567/23428/1428/28231",0.321775918075361
"GO:0070936","protein K48-linked ubiquitination",99,0.358722056242569,1.60656212264212,0.00171714259752762,0.0610809507968593,0.0405253767783095,3241,"tags=36%, list=23%, signal=28%","6737/8945/81790/57162/51366/10299/84078/57531/117854/23327/7324/7328/27246/7267/25948/329/81847/11074/80263/223082/3093/81545/7128/7321/26268/7320/7323/83737/29945/10210/54765/54708/7337/92912/23077/996",0.45505986738723
"GO:0010499","proteasomal ubiquitin-independent protein catabolic process",19,-0.547902345026395,-1.60646606015368,0.037896604070389,0.342585300796316,0.227295060282445,2760,"tags=47%, list=20%, signal=38%","5686/90007/5691/5692/5689/5693/5694/5695/5688",0.321775918075361
"GO:0002021","response to dietary excess",10,0.64637424968808,1.60617049152959,0.0194987665055285,0.247963071283877,0.16451605221906,1838,"tags=50%, list=13%, signal=44%","6653/1432/115209/55198/9462",0.352487857583619
"GO:0006692","prostanoid metabolic process",35,-0.47889507106133,-1.60510941196983,0.0143833821989267,0.210240681096749,0.139488379018688,1458,"tags=34%, list=10%, signal=31%","221955/231/873/7132/8824/8644/2171/1646/10280/3553/6916/29785",0.380730400722792
"GO:1905907","negative regulation of amyloid fibril formation",10,-0.663620302496471,-1.60490709598686,0.019145388460163,0.245094341158863,0.162612735920364,1491,"tags=50%, list=11%, signal=45%","3339/348/5201/5202/10471",0.352487857583619
"GO:0043576","regulation of respiratory gaseous exchange",9,-0.695619122743691,-1.60460033514858,0.0154423426538597,0.216395305843057,0.143571787733178,307,"tags=33%, list=2%, signal=33%","134/4923/26164",0.380730400722792
"GO:0034114","regulation of heterotypic cell-cell adhesion",15,-0.589536595856199,-1.60370530684909,0.0302659722251779,0.308858119350181,0.20491808811774,390,"tags=20%, list=3%, signal=19%","4680/91663/3553",0.352487857583619
"GO:0046717","acid secretion",12,-0.608608177768172,-1.60295534670237,0.0375062874874791,0.34010331061177,0.225648334321624,1513,"tags=33%, list=11%, signal=30%","9368/8647/9075/4923",0.321775918075361
"GO:0030262","apoptotic nuclear changes",19,-0.546624760439267,-1.60272014393918,0.0390363303988816,0.351267193604638,0.233055235469898,1976,"tags=42%, list=14%, signal=36%","668/22985/2021/581/162989/1676/10904/4830",0.321775918075361
"GO:0002420","natural killer cell mediated cytotoxicity directed against tumor cell target",5,-0.805750835827635,-1.60215750502868,0.0153442271168263,0.216395305843057,0.143571787733178,2297,"tags=80%, list=16%, signal=67%","5819/634/7040/5817",0.380730400722792
"GO:0002855","regulation of natural killer cell mediated immune response to tumor cell",5,-0.805750835827635,-1.60215750502868,0.0153442271168263,0.216395305843057,0.143571787733178,2297,"tags=80%, list=16%, signal=67%","5819/634/7040/5817",0.380730400722792
"GO:0036092","phosphatidylinositol-3-phosphate biosynthetic process",23,0.502125723697775,1.60132370123954,0.0369258919913201,0.337969690562301,0.22423274148493,4392,"tags=65%, list=31%, signal=45%","8503/3631/8821/9896/5291/5290/5286/200576/472/5289/8867/22863/4952/5294/8678",0.321775918075361
"GO:0033077","T cell differentiation in thymus",42,-0.468543329737562,-1.5999498459159,0.00646917799091478,0.138228690453146,0.0917105855279859,2119,"tags=33%, list=15%, signal=28%","2736/1029/5691/5692/9760/5689/8772/677/6647/6469/101/5688/3553/1209",0.407017918923954
"GO:0033044","regulation of chromosome organization",231,-0.34707882207143,-1.59915243058061,0.00040935495041507,0.0221428552026588,0.0146911195442858,2777,"tags=31%, list=20%, signal=25%","10575/51434/29882/9319/6598/51750/51433/10445/56252/197370/25906/991/5394/9212/3619/3183/1017/11284/6047/4609/6714/10574/605/8260/51112/11130/5976/4000/9587/8110/3184/7517/23381/8655/54552/29844/1663/54984/9274/7014/9275/10459/6602/51451/83903/283899/891/23397/65057/56160/7203/10460/125476/55135/8193/2067/5347/5371/1503/55743/22948/6603/142/5514/79035/54386/2237/8607/9555/10856/7515/332",0.49849310876659
"GO:0046386","deoxyribose phosphate catabolic process",27,-0.512970456972079,-1.59906531481122,0.014207372646742,0.208706304180639,0.138470366007527,450,"tags=19%, list=3%, signal=18%","7374/100/4860/79077/7378",0.380730400722792
"GO:0008306","associative learning",32,-0.48814392195644,-1.59866074825933,0.0215281711664002,0.260678275397008,0.172952208349168,1527,"tags=25%, list=11%, signal=22%","109/10636/10411/84446/10280/9775/4900/4923",0.352487857583619
"GO:1900025","negative regulation of substrate adhesion-dependent cell spreading",13,-0.610709138578495,-1.5986147339413,0.0321859361318916,0.313639404164171,0.208090327024363,928,"tags=31%, list=7%, signal=29%","4241/2192/81/55920",0.321775918075361
"GO:0062125","regulation of mitochondrial gene expression",28,-0.500398941977069,-1.59410517444512,0.0372217581882069,0.338568190578799,0.224629828274739,2643,"tags=46%, list=19%, signal=38%","285367/6472/8846/115416/84148/51204/708/84881/28958/26995/51335/84769/26164",0.321775918075361
"GO:0045917","positive regulation of complement activation",3,-0.922694157760573,-1.59351242933177,0.0157432499599221,0.216395305843057,0.143571787733178,506,"tags=67%, list=4%, signal=64%","5245/3553",0.352487857583619
"GO:0033145","positive regulation of intracellular steroid hormone receptor signaling pathway",11,-0.632232186535501,-1.59277566675096,0.0249588442281581,0.277761666290305,0.184286525244536,1291,"tags=27%, list=9%, signal=25%","79447/142/5536",0.352487857583619
"GO:0044321","response to leptin",15,0.566297565459002,1.59237477457057,0.0273330071284657,0.289385134931287,0.191998347670373,61,"tags=13%, list=0%, signal=13%","7357/3625",0.352487857583619
"GO:0006403","RNA localization",186,-0.355217728348323,-1.59220714945165,0.000757738195438903,0.0348219491093269,0.0231033176366854,1924,"tags=22%, list=14%, signal=19%","100101267/10574/9883/8086/5976/7263/55505/8570/23381/84321/55011/8563/677/55651/10482/10212/2079/7203/6396/55135/6830/29074/22948/10204/10189/57510/23511/5901/3182/29107/79902/24148/8607/9775/23636/8021/10856/8480/2091/9688/65083",0.477270815362862
"GO:0002637","regulation of immunoglobulin production",35,-0.47378054150757,-1.58796707741553,0.0172486158872307,0.231399239619561,0.153526447271335,3537,"tags=46%, list=25%, signal=34%","942/149840/933/56941/2590/4292/11331/7040/23529/10459/2821/6830/6810/90865/5245/5950",0.352487857583619
"GO:0035739","CD4-positive, alpha-beta T cell proliferation",10,-0.656391129141192,-1.58742397864949,0.0236500898141287,0.272486132838863,0.180786367207748,1536,"tags=40%, list=11%, signal=36%","654346/284194/975/64115",0.352487857583619
"GO:2000561","regulation of CD4-positive, alpha-beta T cell proliferation",10,-0.656391129141192,-1.58742397864949,0.0236500898141287,0.272486132838863,0.180786367207748,1536,"tags=40%, list=11%, signal=36%","654346/284194/975/64115",0.352487857583619
"GO:0061564","axon development",286,0.300939813000608,1.5848277799854,0.00019280152687325,0.0121817394828733,0.00808221836625426,2602,"tags=27%, list=18%, signal=22%","5747/23499/59277/10371/9175/4897/6868/23022/6792/7976/3717/8301/1719/7074/9252/3897/51062/7204/8609/288/1000/80208/84612/5727/56288/5764/6259/5795/5728/6683/9706/2534/153478/55740/2043/627/203228/23032/6091/8997/85440/26230/5048/5578/22902/6654/54798/10890/64218/659/25942/4781/2932/10675/4983/1946/4131/214/2045/6498/22876/345651/4898/66008/57698/23390/23369/999/1948/26128/144165/5532/8239/55605/57453/2803",0.518848077743792
"GO:0051204","protein insertion into mitochondrial membrane",30,-0.485988498583569,-1.58388210819803,0.0314911299290452,0.313639404164171,0.208090327024363,2869,"tags=50%, list=20%, signal=40%","90580/1678/5018/26520/23788/140823/26521/26517/56993/4580/29928/617/25813/26519/10452",0.321775918075361
"GO:0007264","small GTPase-mediated signal transduction",410,0.298459225142266,1.58364011303176,4.67724096828793e-06,0.000450548654584588,0.000298925503709409,2998,"tags=32%, list=21%, signal=26%","51571/10979/51196/57221/64283/10152/6792/19/9743/57493/27314/2059/23362/8301/5337/7074/4646/50650/23075/7204/10769/202243/343578/6016/9367/286205/84078/55103/57531/10602/9771/3685/11214/64121/9710/23179/84986/23433/57148/57186/26269/23677/81704/9265/56990/93663/10617/153478/10672/9649/10144/2339/10565/79658/6091/9693/6655/4763/6453/8997/65979/8502/55667/23365/85440/23779/26230/5898/1793/9732/137735/23380/253959/391/23348/6654/5291/3845/8473/139818/8874/8087/121512/5500/57139/10451/57679/4983/57826/94134/85004/5962/9886/84144/9901/115273/394/8036/57584/57698/10260/5923/5922/9855/285282/10160/10564/55704/23092/5906/89839/5911/10251/6093/1121/23647/89846/4649/10787/83452/390/51735/10928/201475/10252/4925/80005/84033/23607/8936/28512/998/889",0.610526878385931
"GO:0035999","tetrahydrofolate interconversion",10,-0.654502838816006,-1.58285731525662,0.0246153850047941,0.276558321774704,0.183488142291215,813,"tags=30%, list=6%, signal=28%","4522/10840/7298",0.352487857583619
"GO:0141188","nucleic acid catabolic process",353,-0.324340816856395,-1.58093159918652,7.36328738053956e-05,0.00527642398146957,0.0035007488767211,2976,"tags=30%, list=21%, signal=24%","401115/25819/25804/28960/53918/9567/57819/55756/85456/22794/1869/64852/79002/54915/11187/4116/4849/207/678/84305/5518/79034/7186/80198/10949/387338/80789/6637/7538/5394/1994/3183/9470/11219/9238/23016/79068/668/51013/51690/80153/10940/5976/80349/6923/8570/3184/23381/5436/9271/9811/6832/389421/149986/2021/6050/23404/677/3669/328/1478/23367/54973/708/6636/11157/6628/10922/581/8148/56339/23357/162989/23644/54555/1676/8882/60528/55095/57109/8189/90850/81892/10758/10189/80335/115572/3182/118460/2237/4830/9775/23211/2521/84069/7431/51154/1774/4234/56915/79798/124245/10921/9704/56006",0.538434096309916
"GO:1902455","negative regulation of stem cell population maintenance",19,0.511727004289312,1.57958042640409,0.0477758662042888,0.393498020610378,0.261074121124757,3249,"tags=53%, list=23%, signal=41%","5928/64426/58516/8473/25942/51742/5926/3066/79685/3622",0.321775918075361
"GO:0060339","negative regulation of type I interferon-mediated signaling pathway",18,-0.55942290037047,-1.57564837542879,0.0466308554082873,0.388922718487729,0.258038545548803,2094,"tags=44%, list=15%, signal=38%","23170/4938/9470/58509/4940/56339/9636/79594",0.321775918075361
"GO:1904871","positive regulation of protein localization to Cajal body",10,-0.651340280955497,-1.57520894836262,0.0262242114926531,0.282880974063921,0.187683032235069,2777,"tags=50%, list=20%, signal=40%","10575/10574/7203/22948/56257",0.352487857583619
"GO:0060113","inner ear receptor cell differentiation",20,0.509360792891183,1.57226560260791,0.0330083435687021,0.316406242756434,0.209926041350572,1348,"tags=30%, list=10%, signal=27%","5357/5205/4646/84059/54845/5048",0.321775918075361
"GO:0006690","icosanoid metabolic process",67,-0.404659186877688,-1.57146360270733,0.0126419184026825,0.194970842503428,0.129357299618888,1467,"tags=27%, list=10%, signal=24%","2166/221955/231/4258/873/7132/8824/1555/8644/2171/4363/59344/1646/11343/10280/3553/6916/29785",0.380730400722792
"GO:0086001","cardiac muscle cell action potential",49,0.410201806824798,1.57067745128103,0.0069789361323757,0.144905401815688,0.0961403830356718,2081,"tags=33%, list=15%, signal=28%","1824/23171/288/1525/23327/817/5318/153396/57657/6334/481/1739/10142/388591/10008/30819",0.407017918923954
"GO:0120254","olefinic compound metabolic process",99,-0.379906730101466,-1.56881691167479,0.00372654198868744,0.102803571481349,0.0682070827989103,4050,"tags=48%, list=29%, signal=35%","127281/8228/1609/2879/5742/728635/8854/8630/1181/30/9415/57406/215/54884/1056/8912/80142/64834/9536/57016/3292/2950/2876/8605/1645/654/4259/2053/10901/2166/221955/231/84649/8824/1555/317749/112724/8644/59344/1646/10170/11343/3291/10280/126/3991/5950/29785",0.431707695803346
"GO:0055002","striated muscle cell development",74,0.37246524493594,1.56822882369063,0.0095958625923845,0.169385639686271,0.112382285795624,921,"tags=18%, list=7%, signal=17%","10529/29767/8470/4211/27086/5465/7168/1525/11214/80206/10611/5530/51804",0.380730400722792
"GO:1903715","regulation of aerobic respiration",22,-0.513666747376584,-1.56527400538845,0.0320293319910919,0.313639404164171,0.208090327024363,3180,"tags=59%, list=22%, signal=46%","387/84275/215/84300/29997/6472/402/65018/23479/7415/11315/10105/9555",0.321775918075361
"GO:0007409","axonogenesis",256,0.308069497779066,1.56469624911682,0.000172838553574107,0.0114052578431225,0.0075670461136645,2602,"tags=27%, list=18%, signal=23%","5747/23499/59277/10371/9175/4897/6868/23022/6792/7976/8301/7074/9252/3897/51062/7204/8609/288/1000/80208/84612/5727/56288/6259/5795/5728/6683/9706/2534/153478/55740/2043/627/203228/23032/6091/8997/85440/26230/5048/5578/22902/6654/54798/10890/64218/659/25942/4781/2932/4983/1946/4131/214/2045/6498/345651/4898/66008/57698/23390/999/1948/26128/144165/5532/8239/55605/57453/2803",0.518848077743792
"GO:0032535","regulation of cellular component size",236,0.30530922702802,1.56260440872576,0.000499913049682451,0.0259652670207599,0.0172271750101803,2005,"tags=24%, list=14%, signal=21%","51571/130271/23499/6840/10371/9175/5357/29767/4897/6792/2059/8301/6558/3897/120/23075/343578/5921/196527/51652/1000/10677/10602/85464/5728/9530/9706/93663/8800/627/10565/51429/5581/1073/5048/22902/85477/9873/5290/659/25942/29766/1182/10451/55604/2932/9943/64798/57679/1946/5865/5962/4131/4690/7111/2045",0.477270815362862
"GO:0061644","protein localization to CENP-A containing chromatin",6,-0.743849929841215,-1.56257864973621,0.0249137728576006,0.277761666290305,0.184286525244536,3465,"tags=83%, list=25%, signal=63%","8365/1058/8370/8970/554313",0.352487857583619
"GO:0035279","miRNA-mediated gene silencing by mRNA destabilization",6,0.743869968518776,1.55878828741272,0.0327522869503477,0.314979440458663,0.20897940086854,2093,"tags=67%, list=15%, signal=57%","192669/27161/9337/57472",0.321775918075361
"GO:0035332","positive regulation of hippo signaling",14,0.554076423726947,1.55835899979108,0.0360610955954168,0.335234244860635,0.222417855399,1585,"tags=29%, list=11%, signal=25%","6788/57561/5784/6789",0.321775918075361
"GO:0060123","regulation of growth hormone secretion",4,0.827001331519492,1.55737752236996,0.0222731356878754,0.264397869296881,0.175420047213627,2439,"tags=75%, list=17%, signal=62%","55636/6453/2550",0.352487857583619
"GO:0048596","embryonic camera-type eye morphogenesis",9,0.644017042635164,1.55521700479808,0.0248091358571001,0.277673299612038,0.184227896606889,1527,"tags=44%, list=11%, signal=40%","204851/64220/65979/7855",0.352487857583619
"GO:0010828","positive regulation of D-glucose transmembrane transport",27,0.473034572165814,1.55490184544493,0.0360313849351427,0.335234244860635,0.222417855399,2595,"tags=44%, list=18%, signal=36%","23596/100506658/23433/1389/3643/4780/673/9847/26060/5584/10776/5906",0.321775918075361
"GO:0150078","positive regulation of neuroinflammatory response",10,-0.642914185092034,-1.55483117964176,0.0478011472275335,0.393498020610378,0.261074121124757,1075,"tags=30%, list=8%, signal=28%","6352/90865/3553",0.287857117255149
"GO:0060071","Wnt signaling pathway, planar cell polarity pathway",33,0.439115169407142,1.55451600428928,0.0314533637448107,0.313639404164171,0.208090327024363,1697,"tags=27%, list=12%, signal=24%","4300/7976/7074/6259/8324/8323/64750/23002/9863",0.321775918075361
"GO:0061387","regulation of extent of cell growth",62,0.389700748476683,1.55280570244096,0.00808811108268642,0.154234122221405,0.102329708911729,2399,"tags=32%, list=17%, signal=27%","23499/10371/9175/4897/6792/3897/1000/9706/627/5048/22902/659/25942/2932/1946/4131/2045/57698/23369/999",0.380730400722792
"GO:0010631","epithelial cell migration",68,0.371397926960413,1.55223817944324,0.0149271301885104,0.213410746928679,0.141591622510727,1798,"tags=21%, list=13%, signal=18%","8754/5747/23499/100506658/5801/11221/23332/5728/5581/1793/83481/54566/659/5586",0.380730400722792
"GO:0048368","lateral mesoderm development",9,-0.67150068178209,-1.54896578287003,0.0255520556534245,0.279077842043722,0.185159768336169,1206,"tags=56%, list=9%, signal=51%","6469/55897/56926/6608/23420",0.352487857583619
"GO:0061136","regulation of proteasomal protein catabolic process",194,-0.341114482231873,-1.54801929361884,0.00198233969620945,0.0677222561332949,0.0449316834508095,1788,"tags=22%, list=13%, signal=20%","5691/6923/5692/10273/57805/5689/65018/1050/5709/348/6449/150684/6613/8078/5693/1263/5694/9817/22933/2648/8263/5695/474384/23640/7415/5710/5347/5702/11315/9709/8312/56893/27351/5717/9491/2931/5708/10197/5705/11047/5688/5704/5714",0.431707695803346
"GO:0014854","response to inactivity",5,0.755352193414753,1.54676324149615,0.0474318786429384,0.392548899867474,0.260444408011052,2356,"tags=60%, list=17%, signal=50%","847/5290/114907",0.321775918075361
"GO:0021795","cerebral cortex cell migration",25,0.470308246536391,1.54649826443685,0.0367273617859143,0.337969690562301,0.22423274148493,1348,"tags=32%, list=10%, signal=29%","653464/85458/114327/23224/6091/5194/23380/5048",0.321775918075361
"GO:0097119","postsynaptic density protein 95 clustering",6,0.737441634912437,1.54531763856653,0.036733189597095,0.337969690562301,0.22423274148493,1223,"tags=50%, list=9%, signal=46%","1000/9419/23613",0.321775918075361
"GO:2000739","regulation of mesenchymal stem cell differentiation",8,0.656644823976014,1.54331960707252,0.034667424018221,0.326451576171581,0.216590818440674,3062,"tags=62%, list=22%, signal=49%","83959/2649/7473/2932/5978",0.321775918075361
"GO:0030261","chromosome condensation",32,-0.471151540176613,-1.5430110667843,0.0313364989880348,0.313639404164171,0.208090327024363,2567,"tags=38%, list=18%, signal=31%","26993/29781/23310/387893/22985/5119/891/23397/10270/5347/1503/3006",0.321775918075361
"GO:0032782","bile acid secretion",3,-0.893236168105278,-1.54263785484355,0.0338323226373733,0.320643109382589,0.212737075136792,1513,"tags=100%, list=11%, signal=89%","9368/8647/9075",0.321775918075361
"GO:1990874","vascular associated smooth muscle cell proliferation",41,0.4121859671678,1.54252914576292,0.0192436420082306,0.245327611588648,0.162767503846124,1674,"tags=29%, list=12%, signal=26%","27250/6648/3717/3488/1027/7168/3248/5728/7043/657/5031/4193",0.352487857583619
"GO:0060079","excitatory postsynaptic potential",48,-0.425066107262971,-1.54199416172089,0.00846640791355317,0.156793237969219,0.104027605367931,3951,"tags=44%, list=28%, signal=32%","154/5590/112755/85358/57596/1140/2185/1742/207/5026/1855/7476/57465/6804/5575/10458/2931/2030/134/66000/9775",0.380730400722792
"GO:0097035","regulation of membrane lipid distribution",51,0.398437661480185,1.54179850625076,0.0156945918948606,0.216395305843057,0.143571787733178,1753,"tags=25%, list=12%, signal=22%","81671/19/5205/196527/55754/23120/10955/338440/440026/256987/57194/727910/23200",0.352487857583619
"GO:0051797","regulation of hair follicle development",10,-0.637383120006778,-1.5414547871922,0.0497131931166348,0.397668427716893,0.263841061015272,1229,"tags=40%, list=9%, signal=37%","3872/1001/10468/55612",0.282013350011725
"GO:0002385","mucosal immune response",21,-0.516996628453273,-1.54124357080309,0.0446428571428571,0.382392753019575,0.25370610953571,874,"tags=24%, list=6%, signal=22%","8970/8349/9075/3017/85236",0.287857117255149
"GO:0042921","nuclear receptor-mediated glucocorticoid signaling pathway",11,-0.611597422874493,-1.54079073123461,0.044404973357016,0.382025802995353,0.253462649213033,506,"tags=27%, list=4%, signal=26%","5245/7533/5536",0.287857117255149
"GO:0007160","cell-matrix adhesion",171,0.319828910232579,1.53789461357608,0.000865101603988056,0.038127152193463,0.0252962206378013,1615,"tags=20%, list=11%, signal=18%","8754/3696/79834/5747/22998/10979/23499/2335/7074/3897/26515/5921/8613/5314/3694/8573/8910/3685/79987/23332/5795/5796/5728/59339/4585/4763/9358/80144/341640/5291/23243/7402/56477/8874",0.477270815362862
"GO:0034308","primary alcohol metabolic process",67,-0.394934790640925,-1.53369963925382,0.0177967608025566,0.233579347849536,0.154972883619896,1685,"tags=24%, list=12%, signal=21%","10901/51573/231/8574/84649/8824/112724/8644/11315/1646/219/10170/3291/126/3991/5950",0.352487857583619
"GO:0051281","positive regulation of release of sequestered calcium ion into cytosol",14,-0.571199932855923,-1.5310370443698,0.0493601462522852,0.396229807894027,0.262886579960184,1196,"tags=29%, list=8%, signal=26%","9446/57214/5335/4923",0.276500599254472
"GO:0030048","actin filament-based movement",78,0.355089443630575,1.52096084940714,0.0116733450088827,0.187730097600958,0.124553282793673,1968,"tags=27%, list=14%, signal=23%","22998/1824/55930/5144/23171/4646/7168/23327/54874/817/23224/8976/5318/6334/4628/1739/5290/10142/388591/10008/7341",0.380730400722792
"GO:0030336","negative regulation of cell migration",203,0.302384438490573,1.51829702851435,0.00166093646878061,0.0602448314231782,0.0399706366799969,2650,"tags=29%, list=19%, signal=24%","22998/5928/64426/79772/2309/94241/25932/653464/3488/286205/7168/5801/58516/11221/23332/5795/493/5796/5728/2043/8976/6091/4763/9747/23236/23613/657/348110/23380/83481/196528/8473/375056/4780/56477/9863/25942/8434/2932/4739/57826/1845/9901/4070/79812/51742/51765/1545/55333/51474/999/225689/5926/727/647135/7046/4856/5911",0.45505986738723
"GO:0045907","positive regulation of vasoconstriction",12,-0.575141432985553,-1.51481046228306,0.0467289719626168,0.388922718487729,0.258038545548803,1639,"tags=33%, list=12%, signal=29%","2243/54795/2166/6916",0.287857117255149
"GO:0009615","response to virus",307,-0.317207455974237,-1.51302256552006,0.000597174945190452,0.0292416664828258,0.0194009676729379,2787,"tags=27%, list=20%, signal=22%","100507436/375/5970/11274/8692/90933/11331/59/10581/27350/3627/3429/8729/81559/163702/84993/8449/9447/23076/550/2736/4938/79102/1687/3609/1072/8372/27297/2962/7040/8815/661/8517/5452/8772/6895/4277/3669/51561/23087/10542/4940/55324/708/2537/1174/6352/1984/10084/7706/4953/8638/581/7726/10155/54606/8165/5371/29115/4486/22948/171568/201292/9636/10758/5245/9020/55054/5987/51728/2023/55718/81570/54920/11128/55210/8061/79594/56915/3553/1755/3661/11100",0.477270815362862
"GO:0007292","female gamete generation",66,0.366863242159566,1.50409612860802,0.012752714447648,0.194970842503428,0.129357299618888,744,"tags=14%, list=5%, signal=13%","9897/80336/23424/3625/658/23318/3248/5764/5728",0.380730400722792
"GO:0035313","wound healing, spreading of epidermal cells",20,0.487274968841725,1.50409235106825,0.0462528877259352,0.388815405261223,0.257967346445307,744,"tags=25%, list=5%, signal=24%","10979/6868/3685/23332/5728",0.321775918075361
"GO:0006401","RNA catabolic process",332,-0.309866803419552,-1.50372456872658,0.000816724376045212,0.0369159417972436,0.0244926189088786,2976,"tags=29%, list=21%, signal=23%","401115/25819/25804/28960/53918/9567/57819/55756/85456/22794/1869/64852/79002/54915/11187/4116/4849/207/678/84305/5518/79034/7186/10949/387338/80789/6637/7538/5394/1994/3183/9470/9238/23016/79068/51013/51690/80153/10940/5976/80349/6923/8570/3184/23381/5436/9271/9811/6832/389421/149986/6050/23404/677/3669/328/1478/23367/54973/708/6636/11157/6628/10922/8148/56339/23357/162989/23644/54555/8882/60528/55095/8189/90850/81892/10758/10189/80335/115572/3182/118460/2237/9775/23211/2521/84069/7431/51154/4234/56915/79798/124245/10921/9704/56006",0.477270815362862
"GO:0001771","immunological synapse formation",5,-0.754954867509248,-1.5011546413048,0.0423075312702963,0.370490393061492,0.245809251095236,1127,"tags=40%, list=8%, signal=37%","975/4478",0.321775918075361
"GO:1903749","positive regulation of protein localization to mitochondrion",32,-0.456959970213605,-1.49653398321209,0.0452019000837708,0.385365500646784,0.255678438323782,1441,"tags=28%, list=10%, signal=25%","65018/8314/7332/4836/5880/57602/2931/10055/118424",0.321775918075361
"GO:0006488","dolichol-linked oligosaccharide biosynthetic process",20,-0.506127936959396,-1.49456778570693,0.0499108734402852,0.397668427716893,0.263841061015272,1496,"tags=30%, list=11%, signal=27%","1798/91869/79947/10195/9526/56052",0.271288554688953
"GO:0051100","negative regulation of binding",31,-0.450072451006555,-1.49187417816606,0.0444810543657331,0.382120870545392,0.253525723677894,1900,"tags=32%, list=13%, signal=28%","8904/2962/6590/1663/51042/581/3725/8189/10763/7023",0.276500599254472
"GO:0002573","myeloid leukocyte differentiation",134,-0.34487940677787,-1.49174105812165,0.00846239443678385,0.156793237969219,0.104027605367931,2813,"tags=28%, list=20%, signal=23%","150290/84522/10456/6522/2475/7030/6988/5026/4609/6714/634/56834/5138/7040/284266/8563/302/22985/1050/8314/8772/677/51561/375387/975/1437/1969/10272/8651/90865/161882/116071/142/81570/9173/57521/54997/3553",0.380730400722792
"GO:0090329","regulation of DNA-templated DNA replication",43,-0.415054818346852,-1.49007982521969,0.048163580833028,0.393498020610378,0.261074121124757,3157,"tags=35%, list=22%, signal=27%","1642/4173/80174/6742/6923/8655/4176/4171/122769/2021/4174/4172/58525/81620/8914",0.321775918075361
"GO:0051893","regulation of focal adhesion assembly",58,0.373879636002565,1.48924539370045,0.0228562290758771,0.267536259063454,0.177502274587437,744,"tags=14%, list=5%, signal=13%","79834/5747/22998/10979/23499/23332/5795/5728",0.352487857583619
"GO:0042445","hormone metabolic process",122,-0.348751194290606,-1.48906234155024,0.00853875464853293,0.156793237969219,0.104027605367931,3753,"tags=39%, list=27%, signal=29%","10202/51083/54578/1514/8854/8630/1181/2230/5947/9060/9486/54884/1056/2494/8912/590/57016/3292/6567/1889/79154/706/1645/654/51200/10273/10901/1522/9159/231/84649/5045/8824/25825/6469/3028/1735/7849/112724/8644/1428/1646/10170/126/3991/5950/29785",0.380730400722792
"GO:0045862","positive regulation of proteolysis",53,-0.398162380344239,-1.48427014607317,0.0360389274002719,0.335234244860635,0.222417855399,1904,"tags=38%, list=13%, signal=33%","1072/578/10273/2161/302/27166/9798/54982/348/8772/6281/5045/55851/4241/54998/101/57333/64115/2023/3553",0.321775918075361
"GO:0060078","regulation of postsynaptic membrane potential",59,-0.392836357374862,-1.48052213491327,0.032245431779866,0.313698935659756,0.208129824384134,2102,"tags=24%, list=15%, signal=20%","5026/1855/7476/57465/2563/6804/5575/10458/2931/2030/134/66000/9775/4923",0.321775918075361
"GO:0032609","type II interferon production",78,-0.373682858991713,-1.47351310395623,0.0207347051670909,0.253870081808966,0.168435176332874,1969,"tags=24%, list=14%, signal=21%","7784/5691/5696/5692/3115/654346/5689/284194/8772/51561/708/90865/161882/9636/64115/9173/5688/3553/558",0.352487857583619
"GO:0006766","vitamin metabolic process",28,-0.462435152949859,-1.47316512550994,0.0492700729927007,0.396047809719712,0.262765829636378,1193,"tags=25%, list=8%, signal=23%","6615/8644/874/29914/55163/1594/60386",0.276500599254472
"GO:1902105","regulation of leukocyte differentiation",195,-0.320478791701322,-1.46393817199898,0.00582119896390864,0.128118011057486,0.085002453341954,3240,"tags=31%, list=23%, signal=24%","2242/4323/9580/56998/387/60/10524/5914/150290/5686/10456/6522/6598/678/2475/2547/7030/6988/150372/2736/4609/634/64410/1029/5691/5696/56834/5692/7040/864/9760/9092/27166/22985/5689/8772/677/51561/6647/6602/6469/28959/3561/2648/10272/56339/8651/161882/101/6603/2175/64115/84807/4860/57521/5688/54997/1209/558/3566",0.407017918923954
"GO:0048469","cell maturation",70,0.350791720453475,1.46335069853047,0.0227020472741719,0.26731546248988,0.177355782690722,605,"tags=13%, list=4%, signal=12%","9897/80336/23424/9175/4897/23318/11057/5991/9991",0.352487857583619
"GO:0048259","regulation of receptor-mediated endocytosis",86,0.33223947480413,1.46063439852743,0.013488125292862,0.202281931695718,0.134207987768172,2633,"tags=30%, list=19%, signal=25%","8301/867/6386/55061/22848/5538/9779/64854/88455/8650/60682/8976/5898/3643/5291/4193/9863/868/4983/636/54806/4289/2332/1948/84896/1950",0.380730400722792
"GO:0098771","inorganic ion homeostasis",247,-0.312296050952376,-1.45537090029856,0.00335326252851607,0.0956473294814659,0.0634591311121964,1990,"tags=21%, list=14%, signal=18%","4609/6548/30968/2260/7922/7780/9997/578/83636/57192/57130/23479/133308/4494/150684/6647/1760/6352/8326/10523/581/55177/7036/771/249/48/23400/483/5371/9709/794/4682/475/4501/3954/1594/476/4493/4489/134/388962/9914/9114/7466/79734/2512/4502/309/54997/6916/53827",0.431707695803346
"GO:0040013","negative regulation of locomotion",216,0.28874751500325,1.45360416197221,0.00292655148205437,0.0864141533093038,0.0573331959661997,2650,"tags=28%, list=19%, signal=23%","22998/5928/64426/79772/2309/94241/25932/653464/202243/3488/286205/7168/5801/58516/11221/23332/5795/493/5796/5728/84978/2043/8976/6091/4763/9747/23236/23613/657/348110/23380/83481/196528/8473/375056/4780/56477/9863/25942/8434/2932/4739/57826/1845/9901/4070/79812/51742/51765/1545/55333/51474/50859/999/225689/5926/727/647135/7046/4856/5911",0.431707695803346
"GO:0070527","platelet aggregation",48,-0.399615777214157,-1.44966908644769,0.0195382746774056,0.247963071283877,0.16451605221906,3323,"tags=40%, list=24%, signal=30%","10019/9158/7301/71/60/6812/7094/1192/2316/2778/634/2243/114897/84034/83706/1465/9289/5270/375033",0.352487857583619
"GO:0022412","cellular process involved in reproduction in multicellular organism",153,0.303436138129582,1.44690942134817,0.00530512381838196,0.123503961913408,0.0819411702807384,3249,"tags=31%, list=23%, signal=24%","9897/27067/80336/23424/64395/658/23318/11057/144132/157680/5727/5764/7419/57683/64753/65975/5048/57639/28981/221656/55779/8087/147650/54970/9702/9665/84072/51441/117155/51542/84236/79846/3267/6732/79820/9403/80217/23198/346653/10658/127579/1730/6045/22862/79670/2241/3622",0.407017918923954
"GO:0007030","Golgi organization",123,0.315170217645481,1.44458843156712,0.00767218558120277,0.14927735918923,0.0990410454764179,2983,"tags=35%, list=21%, signal=28%","81671/10133/137886/5862/27314/54808/5205/7534/84272/157680/9712/57531/23332/64083/400451/116068/55204/10565/80124/23015/8874/55014/10142/2804/60684/3998/9648/9950/5594/57511/8615/57584/10466/79659/8674/22796/10959/165324/9321/5861/83452/22878/998",0.407017918923954
"GO:0048638","regulation of developmental growth",151,0.300582717060275,1.43482362724879,0.00919638033675251,0.165644411064812,0.109900092943017,2617,"tags=29%, list=19%, signal=24%","23499/10371/9175/5357/4897/6792/27086/3897/5465/861/1000/1027/55777/5727/23414/11221/23327/5728/9706/51804/627/23236/657/5048/80014/83481/22902/3643/50618/659/10413/25942/2932/1946/4131/2045/25836/57698/3516/23369/999/26524/2803/7046",0.380730400722792
"GO:0006575","modified amino acid metabolic process",124,-0.336974924619639,-1.43412014283219,0.0164655905130018,0.225004208963718,0.149283536454527,2780,"tags=30%, list=20%, signal=24%","6567/2950/6472/1757/2876/1374/22928/114879/23474/223/22929/347735/2937/78991/9791/55229/2356/55748/23463/4258/6647/9446/1159/23659/6573/1735/7849/4522/1428/11315/10840/126129/8659/25974/7298/471/2806",0.352487857583619
"GO:0031346","positive regulation of cell projection organization",260,0.280833484956379,1.43225514688638,0.00217312607757028,0.0725527774534259,0.0481365893008349,2650,"tags=27%, list=19%, signal=22%","9897/27067/23499/9175/51196/10152/23043/6792/2059/7074/3897/100506658/55754/1000/10677/10602/5764/6259/79647/54874/4086/23433/7043/4067/51762/2043/8976/627/9896/6091/9693/7436/23613/26230/5898/657/5048/22902/8850/139818/4780/8874/5290/950/9863/659/5584/55604/2932/4739/1946/4131/6498/202018/81545/4898/51765/8036/57698/2033/23369/91752/2332/285282/55704/57498/5906/2803/23064/5911",0.431707695803346
"GO:0061448","connective tissue development",140,0.307497699067892,1.43167715722228,0.007620918387697,0.14927735918923,0.0990410454764179,1838,"tags=21%, list=13%, signal=18%","3696/93/84159/129642/80310/658/861/8609/157680/860/2202/6653/538/8648/9517/7227/64764/10499/57211/1432/657/85477/9451/10424/659/9658/4781/1386/9462",0.407017918923954
"GO:0014744","positive regulation of muscle adaptation",2,0.935903784931022,1.42495164566463,0.0225196076894943,0.266247917069354,0.176647498359348,908,"tags=100%, list=6%, signal=94%","2309/5530",0.352487857583619
"GO:0010927","cellular component assembly involved in morphogenesis",57,0.358550301304157,1.41818571823163,0.0237796033905221,0.272568383567767,0.180840938096636,1348,"tags=18%, list=10%, signal=16%","10529/29767/157680/7168/11214/80206/51804/64753/4155/5048",0.352487857583619
"GO:0006873","intracellular monoatomic ion homeostasis",270,-0.298768162802358,-1.41802504316633,0.00672201980617354,0.141590360326243,0.0939409525480511,2772,"tags=25%, list=20%, signal=21%","375/51102/84286/6522/793/8992/220002/53826/1534/28952/51218/6341/654/7052/7879/9296/4609/6548/30968/506/7922/7780/9997/578/83636/2863/5029/57192/57130/8671/54982/23479/4494/6647/9777/1760/6352/8326/10523/581/55177/7036/48/23400/483/5371/9709/794/4682/475/4501/3954/476/4493/4489/134/388962/9914/9114/7466/79734/2512/4502/309/54997/155066/6916/53827",0.407017918923954
"GO:0007281","germ cell development",141,0.301618202602912,1.41719759749828,0.00973244414657101,0.170709975538064,0.113260942867506,3249,"tags=30%, list=23%, signal=24%","9897/27067/80336/23424/64395/658/23318/11057/144132/157680/5727/5764/7419/57683/64753/65975/5048/57639/28981/221656/55779/8087/54970/9702/9665/84072/51441/117155/79846/3267/6732/79820/9403/80217/23198/346653/10658/1730/6045/22862/79670/2241/3622",0.380730400722792
"GO:0007423","sensory organ development",225,0.281595496070254,1.41540875345639,0.00426594622812669,0.112406726620953,0.0745784878804598,1425,"tags=17%, list=10%, signal=15%","27067/23424/5357/93/10152/4919/4211/10765/204851/5205/4810/55636/5663/658/4646/4212/2296/84059/2202/63915/54845/493/3198/64220/51804/2043/55184/49855/3299/4763/65979/5080/23554/23287/5090/5048/5523/341640",0.407017918923954
"GO:0099175","regulation of postsynapse organization",106,0.315452461468636,1.41434781439524,0.0189366745138353,0.243483368584893,0.161543903990148,2375,"tags=30%, list=17%, signal=25%","27067/4897/10152/6792/9743/9252/5663/1000/9456/2534/10611/2043/8976/10672/9419/4763/6453/23613/1793/9732/5048/391/9762/102/4739/4131/2045/3556/23369/91752/22849/51104",0.352487857583619
"GO:0007179","transforming growth factor beta receptor signaling pathway",154,0.297141546242855,1.41332144148091,0.0149233892472477,0.213410746928679,0.141591622510727,2778,"tags=29%, list=20%, signal=24%","8754/5747/5928/10979/23089/64426/6868/83891/5465/6386/3248/58516/5796/135228/4086/7043/2339/5494/81031/54756/657/8473/8287/64750/4087/25942/55198/26060/4090/9110/58533/6498/51742/2033/5926/8239/1385/26036/26524/7046/4856/57045/114990/3066/9372",0.380730400722792
"GO:0032970","regulation of actin filament-based process",294,0.273356918755526,1.40699817234326,0.00203783736147737,0.0688180019312702,0.0456586778858484,2088,"tags=20%, list=15%, signal=17%","51571/9897/22998/27067/1824/130271/10979/6840/961/29767/10152/2059/5144/120/23075/343578/5921/85458/10677/10602/7168/11214/23332/85464/80206/817/23433/7043/9530/93663/10810/10565/203228/51429/374666/5318/5581/5898/1073/348110/391/85477/9873/1739/5290/10142/29766/55604/4739/1946/5962/9886/4690/7341/7111/253260/4070/57551/116984",0.431707695803346
"GO:0048588","developmental cell growth",124,0.303960113260029,1.40614326503786,0.0136668824167768,0.203823860611625,0.135231011304435,2602,"tags=28%, list=18%, signal=23%","23499/10371/9175/4897/8470/6792/4211/27086/3897/5465/1000/23327/9706/10611/627/203228/5048/22902/50618/659/25942/2932/1946/4131/214/2045/440275/57698/23369/999/144165/5532/8239/51496/2803",0.380730400722792
"GO:0042982","amyloid precursor protein metabolic process",62,0.35176695634906,1.40165431522594,0.0415220565360336,0.365244916475649,0.242329034886257,1041,"tags=19%, list=7%, signal=18%","8754/6868/8301/5663/83464/6653/5653/27161/6667/4067/2043/54103",0.321775918075361
"GO:0071674","mononuclear cell migration",113,0.306731821140118,1.3971912417153,0.0145064577217524,0.211513512588131,0.140332864493957,1261,"tags=18%, list=9%, signal=16%","5747/961/6868/2059/80310/6558/6288/196527/57509/6364/5795/79647/81704/2621/4067/8995/8976/301/23236/2770",0.380730400722792
"GO:2001243","negative regulation of intrinsic apoptotic signaling pathway",81,-0.349947562911151,-1.39556674317557,0.0414110429447853,0.364814525252711,0.242043483233178,4525,"tags=47%, list=32%, signal=32%","84447/27429/8996/5598/10525/51060/8321/10399/598/6591/5478/5831/10488/55829/4841/4282/2626/54929/55486/207/25946/9181/5770/6714/8517/57805/65018/6615/10131/11315/9709/5604/2023/10105/26155/7466/5329/83596",0.276500599254472
"GO:0002027","regulation of heart rate",51,0.360047808196984,1.39324473192296,0.0473202246946528,0.392508799760776,0.260417802794343,1955,"tags=24%, list=14%, signal=20%","1824/5144/23171/2643/7168/817/5318/153396/57657/10142/133/10008",0.321775918075361
"GO:0048863","stem cell differentiation",138,0.298518377794819,1.38857687642716,0.0147885393444111,0.212983963695489,0.141308464650509,2137,"tags=23%, list=15%, signal=20%","4300/5928/83989/10371/2335/3720/9698/2296/59349/81606/4040/1000/117854/5764/83959/124540/2649/4086/57504/65979/5591/657/7473/4780/64218/659/2932/4090/4070/202018/10443/51441",0.380730400722792
"GO:0045824","negative regulation of innate immune response",69,-0.358906497374018,-1.38594913660419,0.05,0.397668427716893,0.263841061015272,3071,"tags=36%, list=22%, signal=29%","2896/60343/100507436/7376/11274/5819/9212/23170/4938/9470/634/6223/7040/8815/58509/4940/10212/2810/56339/9093/9636/142/2885/5817/79594",0.261663521711573
"GO:0015914","phospholipid transport",86,0.314804610827081,1.38398498149612,0.0279012225664182,0.293287269767931,0.194587296965231,1766,"tags=22%, list=12%, signal=19%","81671/19/5205/196527/55754/23120/10955/338440/153768/114883/440026/256987/84725/57194/950/84162/83394/23200/10087",0.352487857583619
"GO:0141091","transforming growth factor beta receptor superfamily signaling pathway",222,0.274822328984972,1.37931560403236,0.010870388896588,0.180436172758054,0.119713982674812,2898,"tags=29%, list=20%, signal=23%","8754/5747/5928/10979/23089/3625/27250/64426/93/6868/83891/5465/658/222223/6386/5460/3547/860/6653/3248/58516/5796/135228/4086/7043/92/2339/5494/81031/54756/657/151556/8473/8287/64750/4087/9863/659/25942/55198/1386/26060/4090/9110/58533/6498/51742/3516/2033/7321/5926/8239/1385/26036/26524/7046/4856/57045/114990/3066/9372/331/7323/10252",0.380730400722792
"GO:0016051","carbohydrate biosynthetic process",139,-0.31946158552434,-1.37709295985414,0.0326105232042362,0.314979440458663,0.20897940086854,3681,"tags=35%, list=26%, signal=26%","6622/5224/6483/2539/55829/2526/23178/5209/378884/1642/6652/9486/4191/1468/8402/140710/7167/54187/207/5499/150094/4247/5223/9878/160/2992/51547/9572/5091/7040/166012/92579/231/84649/2132/10402/2821/2997/2648/3038/208/142/2931/9526/2523/2023/283871/4923/5950",0.321775918075361
"GO:0001952","regulation of cell-matrix adhesion",97,0.313075945301966,1.37131232716077,0.0197502190219053,0.248505967821661,0.164876247770346,1975,"tags=23%, list=14%, signal=20%","79834/5747/22998/10979/23499/5921/8613/5314/8573/23332/5795/5728/59339/4763/5291/23243/7402/56477/2932/1946/340485/1845",0.352487857583619
"GO:0048589","developmental growth",266,0.264038409956596,1.35879461222625,0.011782657712043,0.188650944730149,0.125164237213649,2671,"tags=28%, list=19%, signal=23%","23499/10371/9175/5357/4897/8470/6792/4211/27086/3897/5465/658/861/1000/1027/55777/5727/23414/11221/5764/5653/23327/79647/5728/9706/64220/10611/5530/51804/301/627/203228/5782/23236/657/5048/80014/83481/22902/5523/3643/3845/50618/659/10413/25942/1386/2932/9462/1946/4131/214/2045/440275/25836/130827/51208/51542/55717/57698/3516/2033/23369/999/3953/144165/5532/8239/51496/26524/2803/7046/4856/85407",0.380730400722792
"GO:0050920","regulation of chemotaxis",112,0.296959745910969,1.35465274075435,0.0318040721516017,0.313639404164171,0.208090327024363,1975,"tags=21%, list=14%, signal=19%","51571/5747/6868/80310/90550/23075/196527/57509/5764/5795/79647/2621/4067/8995/3576/6091/64065/23604/4233/659/9943/102/4739/1845",0.321775918075361
"GO:0030010","establishment of cell polarity",108,0.301113178415553,1.35438190377948,0.0326836030479679,0.314979440458663,0.20897940086854,1865,"tags=22%, list=13%, signal=19%","51571/5747/137886/10207/23150/5314/56288/23332/64083/81609/23433/81704/9265/10565/2302/85440/5048/22902/10890/29899/5584/2932/55755/4983",0.321775918075361
"GO:0034329","cell junction assembly",350,0.256891490044999,1.3495473829922,0.00376710933831165,0.102955974287996,0.0683081974849273,2820,"tags=25%, list=20%, signal=20%","79834/5747/22998/27067/10979/23499/81671/4897/79977/10152/2335/9743/204851/8777/653464/10207/266977/5583/51201/55209/100506658/26052/1000/9076/84612/5783/56288/56123/6259/23332/5795/5796/5728/2556/10611/10672/627/9419/9693/7436/5318/8502/1793/9732/23380/5578/391/8473/7855/79983/23243/1739/8874/64218/5586/4983/1946/387804/4131/1845/9901/2045/3556/6801/51208/8065/23369/2564/22849/56125/999/9748/1948/10160/26047/10420/144165/55334/647135/5906/5911/22941/56133/6093/4649/667/153562",0.431707695803346
"GO:0090066","regulation of anatomical structure size",299,0.255385796179524,1.34126020669951,0.00833181313613958,0.156218969583625,0.103646595537625,2051,"tags=21%, list=15%, signal=18%","51571/130271/23499/6840/10371/9175/5357/29767/4897/6648/6792/2059/8301/6558/3897/120/23075/343578/5921/196527/51652/1000/10677/10602/79987/85464/2549/5728/9530/9706/93663/8800/627/10565/51429/5581/9732/1073/5048/22902/85477/8850/9873/5290/659/133/25942/29766/1182/10451/55604/2932/9943/64798/57679/1946/5865/5962/4131/4690/7111/2045/340481",0.380730400722792
"GO:0006959","humoral immune response",106,-0.318552055808408,-1.3403252464652,0.0492063492063492,0.396047809719712,0.262765829636378,1969,"tags=19%, list=14%, signal=16%","7784/2197/5646/6223/6590/2243/5452/5266/2821/708/975/6352/8970/8349/10758/5245/3017/3553/85236/1755",0.257206466468838
"GO:0071559","response to transforming growth factor beta",197,0.270311809227607,1.33891251932214,0.0179970413340354,0.234619774930549,0.155663175747283,2778,"tags=27%, list=20%, signal=22%","8754/5747/5928/10979/23089/64426/6868/83891/80310/64332/5465/6386/9076/3248/58516/5796/1277/135228/4086/7043/2339/5494/81031/54756/657/8473/8287/64750/4087/2908/25942/55198/26060/4090/9110/58533/6498/51742/4297/317/2033/5926/8239/1385/26036/26524/7046/4856/57045/114990/6093/3066/9372",0.352487857583619
"GO:0007584","response to nutrient",116,0.289674909934813,1.33714388393412,0.0407496871915071,0.361867692957672,0.240088348489842,1674,"tags=21%, list=12%, signal=18%","6648/19/847/64332/5337/5465/64127/3485/154743/2180/8648/1277/2621/50937/9388/3141/594/8942/8850/8473/445/4780/56477/4193",0.321775918075361
"GO:0051607","defense response to virus",237,-0.288658307037985,-1.33705727085494,0.0272052575416732,0.288552515008793,0.191445929352845,1386,"tags=16%, list=10%, signal=14%","8772/6895/4277/3669/51561/23087/4940/55324/708/2537/10084/7706/8638/7726/10155/54606/8165/5371/171568/201292/9636/10758/5245/9020/55054/5987/51728/55718/81570/54920/11128/55210/79594/56915/3553/1755/3661",0.352487857583619
"GO:1903076","regulation of protein localization to plasma membrane",93,0.301202878159313,1.33679487893032,0.0406432911413987,0.361848452646756,0.240075583121277,1820,"tags=22%, list=13%, signal=19%","5357/9528/8301/5583/10434/51201/5525/8417/2181/493/817/23433/8650/5581/27032/391/1739/163882/26060/5584",0.321775918075361
"GO:0002237","response to molecule of bacterial origin",198,0.268851883450435,1.32992068447845,0.0196941814422605,0.248472441152624,0.164854003832143,1614,"tags=17%, list=11%, signal=15%","8754/51571/27250/6648/6868/19/64332/27086/3717/57162/23097/2643/64127/117854/9076/3248/196/5599/8106/4067/11213/85363/3576/1432/5581/3454/23118/5578/6197/55914/7855/445/56477/51135",0.352487857583619
"GO:0006892","post-Golgi vesicle-mediated transport",113,0.289747575288262,1.31982646272645,0.0290549326914667,0.302147294276182,0.200465657186833,2782,"tags=34%, list=20%, signal=27%","23499/10133/10434/23233/117177/288/6653/261729/51125/2181/64083/10947/55204/6272/582/27032/54832/55297/9522/10890/23230/163882/51552/54536/11031/2060/51542/8674/63971/10564/23256/4905/23041/2803/55062/1176/10640/8766",0.352487857583619
"GO:0006979","response to oxidative stress",321,-0.273008966435859,-1.31358426628279,0.0227315859286697,0.26731546248988,0.177355782690722,2062,"tags=22%, list=15%, signal=19%","140823/11284/116988/4257/1072/6714/81502/5691/2937/57465/578/1861/5692/8815/4521/83636/140711/10636/5689/65018/27158/5709/348/2021/4277/6647/4482/5693/57707/1263/5694/9817/7706/22933/5195/5829/5695/23400/2067/5710/5192/10131/5371/6810/5702/11315/9131/4363/475/5604/2878/5717/142/6649/2068/3163/57019/10105/9555/5708/10197/10549/79791/7515/388/5705/11047/5688/5536/5704/5714",0.352487857583619
"GO:0022604","regulation of cell morphogenesis",165,0.271688213048377,1.31133867051177,0.0345540238934075,0.326429974915856,0.216576486656121,1919,"tags=21%, list=14%, signal=18%","5747/27067/10979/23499/9175/2335/6792/2059/5921/10602/7168/23327/254065/56990/93663/2534/2043/301/5591/114793/348110/5048/54014/391/57194/4628/1739/50618/8874/121512/64218/1946/5962/9886",0.321775918075361
"GO:0007416","synapse assembly",169,0.270399253757899,1.30136496228615,0.0319081438225182,0.313639404164171,0.208090327024363,2692,"tags=27%, list=19%, signal=22%","27067/4897/9743/653464/266977/51201/55209/26052/1000/5783/56123/6259/5728/2556/10611/10672/627/9419/7436/1793/9732/23380/5578/391/8473/7855/64218/1946/387804/4131/9901/2045/3556/23369/2564/22849/56125/999/1948/10160/144165/647135/5911/22941/56133",0.321775918075361
"GO:0050803","regulation of synapse structure or activity",207,0.259238249595695,1.29566153966721,0.0293962407011714,0.303039140982602,0.201057370697095,2421,"tags=26%, list=17%, signal=22%","27067/4897/10152/6792/9743/653464/9252/5663/7534/55209/1000/5783/23327/5538/27161/81609/9456/2534/10611/2043/8976/10672/627/9419/1432/4763/7436/6453/23613/1793/9732/23380/5048/5578/391/54583/8473/9762/64218/102/4739/1946/387804/4131/9901/2045/3556/23390/23369/91752/22849/51104/10160",0.352487857583619
"GO:0007254","JNK cascade",138,0.27792214773665,1.29277222610172,0.0413110319598119,0.364479915609392,0.241821479782147,2066,"tags=24%, list=15%, signal=21%","10371/9175/27250/4217/23043/153769/3480/10913/6386/64127/11221/5602/9611/5599/222166/2043/8324/57630/5601/55504/23236/10987/9258/9867/7182/51135/2122/1386/1845/9770/8491/57551/10114",0.321775918075361
"GO:0032102","negative regulation of response to external stimulus",245,-0.274917709373621,-1.28210912659311,0.0371428571428571,0.338568190578799,0.224629828274739,2138,"tags=22%, list=15%, signal=19%","4851/9212/23170/4938/79102/9470/2778/4772/9572/6714/634/6223/55527/5692/7040/8815/2243/2161/58509/65078/348/6895/4277/7132/5045/6647/4940/114897/708/10212/2810/58985/5575/79890/7103/56339/5335/90865/79651/2000/201292/10848/2629/9093/9636/142/11240/134/2885/5817/5270/5802/79594/3553/5329",0.282013350011725
"GO:1902903","regulation of supramolecular fiber organization",295,0.242286314809473,1.25908294419868,0.0218902192314575,0.262481177389297,0.174148379685381,2061,"tags=18%, list=15%, signal=16%","51571/9897/22998/130271/10979/6840/961/29767/10152/2059/5663/120/23075/343578/5921/100506658/10677/10602/7168/11214/23332/85464/80206/7043/6683/9530/93663/50810/10810/10565/203228/51429/146057/374666/5581/1073/348110/85477/57606/6314/9873/8874/5290/10142/1859/29766/55604/55755/5962/4131/4690/7111/4070/57551",0.352487857583619
"GO:1901987","regulation of cell cycle phase transition",390,-0.255536316707319,-1.24391334208581,0.0434227330779055,0.375151631232842,0.248901842659103,1890,"tags=19%, list=13%, signal=17%","54584/605/993/1029/5691/11130/9587/8110/5692/7517/7040/8655/5888/8558/8318/57805/5689/1020/1026/84446/994/677/54984/9274/79447/9275/10459/6602/57099/51451/83903/5982/891/5693/60672/84126/4330/4998/1263/5694/92002/3014/6118/81610/22933/8193/5695/6241/5347/55743/11186/27183/81620/1981/6603/23276/8914/27339/5514/79035/9894/7023/9344/2068/22809/9088/9510/9555/10197/79791/54623/57521/5688/55920/332",0.245041785430996
"GO:0051960","regulation of nervous system development",232,0.246628330515565,1.23652708556762,0.0401111698478959,0.358741604301729,0.23801428253357,2252,"tags=24%, list=16%, signal=20%","27067/23499/9175/6792/7976/7074/3897/5583/222223/1000/79365/6653/283659/5783/56288/11221/5764/84376/5728/4067/9706/8650/2043/627/6091/9693/5324/4763/5080/85440/26230/4673/5048/5578/22902/7473/8087/9451/64218/659/10413/55198/5584/6596/1946/387804/4131/3148/2045/6498/3556/4898/51441/66008/57698",0.321775918075361
"GO:0044782","cilium organization",343,0.226957575895817,1.18732983745152,0.0323628690434025,0.31380234075748,0.208198430561533,4131,"tags=40%, list=29%, signal=29%","1767/6674/22920/6792/8555/26140/3983/167691/117177/79582/5991/144132/137392/93594/10677/80216/7419/54874/91147/317662/51473/23224/138639/57545/65250/54558/146057/582/2302/79645/282809/4117/79600/9474/57639/283232/28981/51715/57562/150737/57728/55779/84140/51314/10890/54970/10413/55761/2932/5116/9657/4739/50807/80321/51668/202018/22832/55582/57560/221322/54806/22858/55717/27241/83544/79659/10464/51474/80184/8481/285282/225689/79846/55704/79819/144165/8239/80217/10198/55081/26005/170690/55112/79598/8766/92344/79867/79809/10096/255758/23059/92482/64844/55212/9851/11127/5108/1540/5311/23116/54521/80173/3784/11158/51057/27152/9371/84131/79738/10257/4735/55835/10733/9738/55531/79989/6103/80127/8100/84223/6990/54768/145483/51134/1902/84747/4750/10097/117178/4952/6102/90355/8934/153241/345643/408",0.321775918075361
NA,NA,NA,NA,NA,NA,NA,NA,NA,NA,NA,NA
NA,NA,NA,NA,NA,NA,NA,NA,NA,NA,NA,NA
NA,NA,NA,NA,NA,NA,NA,NA,NA,NA,NA,NA
NA,NA,NA,NA,NA,NA,NA,NA,NA,NA,NA,NA
