"pathway","ENTREZID","SYMBOL","GENENAME"
"Hallmark_MYC_Targets_V2","1019","CDK4","cyclin dependent kinase 4"
"Hallmark_MYC_Targets_V2","10171","RCL1","RNA terminal phosphate cyclase like 1"
"Hallmark_MYC_Targets_V2","9238","TBRG4","transforming growth factor beta regulator 4"
"Hallmark_MYC_Targets_V2","4609","MYC","MYC proto-oncogene, bHLH transcription factor"
"Hallmark_MYC_Targets_V2","10528","NOP56","NOP56 ribonucleoprotein"
"Hallmark_MYC_Targets_V2","6832","SUPV3L1","Suv3 like RNA helicase"
"Hallmark_MYC_Targets_V2","4174","MCM5","minichromosome maintenance complex component 5"
"Hallmark_MYC_Targets_V2","1844","DUSP2","dual specificity phosphatase 2"
"Hallmark_MYC_Targets_V2","56342","PPAN","peter pan homolog"
"Hallmark_MYC_Targets_V2","2193","FARSA","phenylalanyl-tRNA synthetase subunit alpha"
"Hallmark_MYC_Targets_V2","6573","SLC19A1","solute carrier family 19 member 1"
"Hallmark_MYC_Targets_V2","5347","PLK1","polo like kinase 1"
"Hallmark_MYC_Targets_V2","79050","NOC4L","nucleolar complex associated 4 homolog"
"Hallmark_MYC_Targets_V2","5245","PHB1","prohibitin 1"
"Hallmark_MYC_Targets_V2","10244","RABEPK","Rab9 effector protein with kelch motifs"
"Hallmark_MYC_Targets_V2","705","BYSL","bystin like"
"Hallmark_MYC_Targets_V2","7374","UNG","uracil DNA glycosylase"
"Hallmark_MYC_Targets_V2","10514","MYBBP1A","MYB binding protein 1a"
"Hallmark_MYC_Targets_V2","9136","RRP9","ribosomal RNA processing 9, U3 small nucleolar RNA binding protein"
"Hallmark_MYC_Targets_V2","80324","PUS1","pseudouridine synthase 1"
"Hallmark_MYC_Targets_V2","51491","NOP16","NOP16 nucleolar protein"
"Hallmark_MYC_Targets_V2","54663","WDR74","WD repeat domain 74"
"Hallmark_MYC_Targets_V2","5036","PA2G4","proliferation-associated 2G4"
"Hallmark_MYC_Targets_V2","23481","PES1","pescadillo ribosomal biogenesis factor 1"
"Hallmark_MYC_Targets_V2","79077","DCTPP1","dCTP pyrophosphatase 1"
"Hallmark_MYC_Targets_V2","51154","MRTO4","MRT4 homolog, ribosome maturation factor"
"Hallmark_MYC_Targets_V2","23223","RRP12","ribosomal RNA processing 12 homolog"
"Hallmark_MYC_Targets_V2","92856","IMP4","IMP U3 small nucleolar ribonucleoprotein 4"
"Hallmark_MYC_Targets_V2","23082","PPRC1","PPARG related coactivator 1"
"Hallmark_MYC_Targets_V2","6949","TCOF1","treacle ribosome biogenesis factor 1"
"Hallmark_MYC_Targets_V2","6723","SRM","spermidine synthase"
"Hallmark_MYC_Targets_V2","56915","EXOSC5","exosome component 5"
"Hallmark_MYC_Targets_V2","7965","AIMP2","aminoacyl tRNA synthetase complex interacting multifunctional protein 2"
"Hallmark_MYC_Targets_V2","81887","LAS1L","LAS1 like ribosome biogenesis factor"
"Hallmark_MYC_Targets_V2","83743","GRWD1","glutamate rich WD repeat containing 1"
"Hallmark_Oxidative_Phosphorylation","7388","UQCRH","ubiquinol-cytochrome c reductase hinge protein"
"Hallmark_Oxidative_Phosphorylation","29088","MRPL15","mitochondrial ribosomal protein L15"
"Hallmark_Oxidative_Phosphorylation","6834","SURF1","SURF1 cytochrome c oxidase assembly factor"
"Hallmark_Oxidative_Phosphorylation","9167","COX7A2L","cytochrome c oxidase subunit 7A2 like"
"Hallmark_Oxidative_Phosphorylation","537","ATP6AP1","ATPase H+ transporting accessory protein 1"
"Hallmark_Oxidative_Phosphorylation","6391","SDHC","succinate dehydrogenase complex subunit C"
"Hallmark_Oxidative_Phosphorylation","37","ACADVL","acyl-CoA dehydrogenase very long chain"
"Hallmark_Oxidative_Phosphorylation","3052","HCCS","holocytochrome c synthase"
"Hallmark_Oxidative_Phosphorylation","3030","HADHA","hydroxyacyl-CoA dehydrogenase trifunctional multienzyme complex subunit alpha"
"Hallmark_Oxidative_Phosphorylation","7385","UQCRC2","ubiquinol-cytochrome c reductase core protein 2"
"Hallmark_Oxidative_Phosphorylation","30","ACAA1","acetyl-CoA acyltransferase 1"
"Hallmark_Oxidative_Phosphorylation","2230","FDX1","ferredoxin 1"
"Hallmark_Oxidative_Phosphorylation","517","ATP5MC2","ATP synthase membrane subunit c locus 2"
"Hallmark_Oxidative_Phosphorylation","6389","SDHA","succinate dehydrogenase complex flavoprotein subunit A"
"Hallmark_Oxidative_Phosphorylation","10884","MRPS30","mitochondrial ribosomal protein S30"
"Hallmark_Oxidative_Phosphorylation","4695","NDUFA2","NADH:ubiquinone oxidoreductase subunit A2"
"Hallmark_Oxidative_Phosphorylation","3421","IDH3G","isocitrate dehydrogenase (NAD(+)) 3 non-catalytic subunit gamma"
"Hallmark_Oxidative_Phosphorylation","1349","COX7B","cytochrome c oxidase subunit 7B"
"Hallmark_Oxidative_Phosphorylation","4702","NDUFA8","NADH:ubiquinone oxidoreductase subunit A8"
"Hallmark_Oxidative_Phosphorylation","5250","SLC25A3","solute carrier family 25 member 3"
"Hallmark_Oxidative_Phosphorylation","10939","AFG3L2","AFG3 like matrix AAA peptidase subunit 2"
"Hallmark_Oxidative_Phosphorylation","4708","NDUFB2","NADH:ubiquinone oxidoreductase subunit B2"
"Hallmark_Oxidative_Phosphorylation","4724","NDUFS4","NADH:ubiquinone oxidoreductase subunit S4"
"Hallmark_Oxidative_Phosphorylation","50","ACO2","aconitase 2"
"Hallmark_Oxidative_Phosphorylation","1727","CYB5R3","cytochrome b5 reductase 3"
"Hallmark_Oxidative_Phosphorylation","54884","RETSAT","retinol saturase"
"Hallmark_Oxidative_Phosphorylation","4710","NDUFB4","NADH:ubiquinone oxidoreductase subunit B4"
"Hallmark_Oxidative_Phosphorylation","1743","DLST","dihydrolipoamide S-succinyltransferase"
"Hallmark_Oxidative_Phosphorylation","4191","MDH2","malate dehydrogenase 2"
"Hallmark_Oxidative_Phosphorylation","529","ATP6V1E1","ATPase H+ transporting V1 subunit E1"
"Hallmark_Oxidative_Phosphorylation","4709","NDUFB3","NADH:ubiquinone oxidoreductase subunit B3"
"Hallmark_Oxidative_Phosphorylation","8402","SLC25A11","solute carrier family 25 member 11"
"Hallmark_Oxidative_Phosphorylation","4720","NDUFS2","NADH:ubiquinone oxidoreductase core subunit S2"
"Hallmark_Oxidative_Phosphorylation","5018","OXA1L","OXA1L mitochondrial inner membrane insertase"
"Hallmark_Oxidative_Phosphorylation","8992","ATP6V0E1","ATPase H+ transporting V0 subunit e1"
"Hallmark_Oxidative_Phosphorylation","4722","NDUFS3","NADH:ubiquinone oxidoreductase core subunit S3"
"Hallmark_Oxidative_Phosphorylation","11331","PHB2","prohibitin 2"
"Hallmark_Oxidative_Phosphorylation","4713","NDUFB7","NADH:ubiquinone oxidoreductase subunit B7"
"Hallmark_Oxidative_Phosphorylation","4967","OGDH","oxoglutarate dehydrogenase"
"Hallmark_Oxidative_Phosphorylation","1329","COX5B","cytochrome c oxidase subunit 5B"
"Hallmark_Oxidative_Phosphorylation","374291","NDUFS7","NADH:ubiquinone oxidoreductase core subunit S7"
"Hallmark_Oxidative_Phosphorylation","1374","CPT1A","carnitine palmitoyltransferase 1A"
"Hallmark_Oxidative_Phosphorylation","27089","UQCRQ","ubiquinol-cytochrome c reductase complex III subunit VII"
"Hallmark_Oxidative_Phosphorylation","1431","CS","citrate synthase"
"Hallmark_Oxidative_Phosphorylation","1892","ECHS1","enoyl-CoA hydratase, short chain 1"
"Hallmark_Oxidative_Phosphorylation","513","ATP5F1D","ATP synthase F1 subunit delta"
"Hallmark_Oxidative_Phosphorylation","7384","UQCRC1","ubiquinol-cytochrome c reductase core protein 1"
"Hallmark_Oxidative_Phosphorylation","2271","FH","fumarate hydratase"
"Hallmark_Oxidative_Phosphorylation","4259","MGST3","microsomal glutathione S-transferase 3"
"Hallmark_Oxidative_Phosphorylation","1351","COX8A","cytochrome c oxidase subunit 8A"
"Hallmark_Oxidative_Phosphorylation","26520","TIMM9","translocase of inner mitochondrial membrane 9"
"Hallmark_Oxidative_Phosphorylation","4728","NDUFS8","NADH:ubiquinone oxidoreductase core subunit S8"
"Hallmark_Oxidative_Phosphorylation","9296","ATP6V1F","ATPase H+ transporting V1 subunit F"
"Hallmark_Oxidative_Phosphorylation","4723","NDUFV1","NADH:ubiquinone oxidoreductase core subunit V1"
"Hallmark_Oxidative_Phosphorylation","518","ATP5MC3","ATP synthase membrane subunit c locus 3"
"Hallmark_Oxidative_Phosphorylation","10632","ATP5MG","ATP synthase membrane subunit g"
"Hallmark_Oxidative_Phosphorylation","4694","NDUFA1","NADH:ubiquinone oxidoreductase subunit A1"
"Hallmark_Oxidative_Phosphorylation","1632","ECI1","enoyl-CoA delta isomerase 1"
"Hallmark_Oxidative_Phosphorylation","29796","UQCR10","ubiquinol-cytochrome c reductase, complex III subunit X"
"Hallmark_Oxidative_Phosphorylation","788","SLC25A20","solute carrier family 25 member 20"
"Hallmark_Oxidative_Phosphorylation","506","ATP5F1B","ATP synthase F1 subunit beta"
"Hallmark_Oxidative_Phosphorylation","65003","MRPL11","mitochondrial ribosomal protein L11"
"Hallmark_Oxidative_Phosphorylation","4726","NDUFS6","NADH:ubiquinone oxidoreductase subunit S6"
"Hallmark_Oxidative_Phosphorylation","64981","MRPL34","mitochondrial ribosomal protein L34"
"Hallmark_Oxidative_Phosphorylation","9377","COX5A","cytochrome c oxidase subunit 5A"
"Hallmark_Oxidative_Phosphorylation","26521","TIMM8B","translocase of inner mitochondrial membrane 8 homolog B"
"Hallmark_Oxidative_Phosphorylation","5435","POLR2F","RNA polymerase II, I and III subunit F"
"Hallmark_Oxidative_Phosphorylation","292","SLC25A5","solute carrier family 25 member 5"
"Hallmark_Oxidative_Phosphorylation","4712","NDUFB6","NADH:ubiquinone oxidoreductase subunit B6"
"Hallmark_Oxidative_Phosphorylation","26517","TIMM13","translocase of inner mitochondrial membrane 13"
"Hallmark_Oxidative_Phosphorylation","1891","ECH1","enoyl-CoA hydratase 1"
"Hallmark_Oxidative_Phosphorylation","4717","NDUFC1","NADH:ubiquinone oxidoreductase subunit C1"
"Hallmark_Oxidative_Phosphorylation","1352","COX10","cytochrome c oxidase assembly factor heme A:farnesyltransferase COX10"
"Hallmark_Oxidative_Phosphorylation","6832","SUPV3L1","Suv3 like RNA helicase"
"Hallmark_Oxidative_Phosphorylation","522","ATP5PF","ATP synthase peripheral stalk subunit F6"
"Hallmark_Oxidative_Phosphorylation","23479","ISCU","iron-sulfur cluster assembly enzyme"
"Hallmark_Oxidative_Phosphorylation","10476","ATP5PD","ATP synthase peripheral stalk subunit d"
"Hallmark_Oxidative_Phosphorylation","89941","RHOT2","ras homolog family member T2"
"Hallmark_Oxidative_Phosphorylation","521","ATP5ME","ATP synthase membrane subunit e"
"Hallmark_Oxidative_Phosphorylation","2821","GPI","glucose-6-phosphate isomerase"
"Hallmark_Oxidative_Phosphorylation","56993","TOMM22","translocase of outer mitochondrial membrane 22"
"Hallmark_Oxidative_Phosphorylation","3028","HSD17B10","hydroxysteroid 17-beta dehydrogenase 10"
"Hallmark_Oxidative_Phosphorylation","1337","COX6A1","cytochrome c oxidase subunit 6A1"
"Hallmark_Oxidative_Phosphorylation","1327","COX4I1","cytochrome c oxidase subunit 4I1"
"Hallmark_Oxidative_Phosphorylation","5160","PDHA1","pyruvate dehydrogenase E1 subunit alpha 1"
"Hallmark_Oxidative_Phosphorylation","4696","NDUFA3","NADH:ubiquinone oxidoreductase subunit A3"
"Hallmark_Oxidative_Phosphorylation","64963","MRPS11","mitochondrial ribosomal protein S11"
"Hallmark_Oxidative_Phosphorylation","9551","ATP5MF","ATP synthase membrane subunit f"
"Hallmark_Oxidative_Phosphorylation","581","BAX","BCL2 associated X, apoptosis regulator"
"Hallmark_Oxidative_Phosphorylation","4697","COXFA4","cytochrome c oxidase associated subunit FA4"
"Hallmark_Oxidative_Phosphorylation","4700","NDUFA6","NADH:ubiquinone oxidoreductase subunit A6"
"Hallmark_Oxidative_Phosphorylation","8802","SUCLG1","succinate-CoA ligase GDP/ADP-forming subunit alpha"
"Hallmark_Oxidative_Phosphorylation","23203","PMPCA","peptidase, mitochondrial processing subunit alpha"
"Hallmark_Oxidative_Phosphorylation","2109","ETFB","electron transfer flavoprotein subunit beta"
"Hallmark_Oxidative_Phosphorylation","291","SLC25A4","solute carrier family 25 member 4"
"Hallmark_Oxidative_Phosphorylation","516","ATP5MC1","ATP synthase membrane subunit c locus 1"
"Hallmark_Oxidative_Phosphorylation","9131","AIFM1","apoptosis inducing factor mitochondria associated 1"
"Hallmark_Oxidative_Phosphorylation","10975","UQCR11","ubiquinol-cytochrome c reductase, complex III subunit XI"
"Hallmark_Oxidative_Phosphorylation","9927","MFN2","mitofusin 2"
"Hallmark_Oxidative_Phosphorylation","80273","GRPEL1","GrpE like 1, mitochondrial"
"Hallmark_Oxidative_Phosphorylation","6390","SDHB","succinate dehydrogenase complex iron sulfur subunit B"
"Hallmark_Oxidative_Phosphorylation","3420","IDH3B","isocitrate dehydrogenase (NAD(+)) 3 non-catalytic subunit beta"
"Hallmark_Oxidative_Phosphorylation","4706","NDUFAB1","NADH:ubiquinone oxidoreductase subunit AB1"
"Hallmark_Oxidative_Phosphorylation","26519","TIMM10","translocase of inner mitochondrial membrane 10"
"Hallmark_Oxidative_Phosphorylation","1340","COX6B1","cytochrome c oxidase subunit 6B1"
"Hallmark_Oxidative_Phosphorylation","7416","VDAC1","voltage dependent anion channel 1"
"Hallmark_Oxidative_Phosphorylation","7386","UQCRFS1","ubiquinol-cytochrome c reductase, Rieske iron-sulfur polypeptide 1"
"Hallmark_Oxidative_Phosphorylation","514","ATP5F1E","ATP synthase F1 subunit epsilon"
"Hallmark_Oxidative_Phosphorylation","6183","MRPS12","mitochondrial ribosomal protein S12"
"Hallmark_Oxidative_Phosphorylation","2806","GOT2","glutamic-oxaloacetic transaminase 2"
"Hallmark_Oxidative_Phosphorylation","92609","TIMM50","translocase of inner mitochondrial membrane 50"
"KEGG_Spliceosome","5093","PCBP1","poly(rC) binding protein 1"
"KEGG_Spliceosome","9410","SNRNP40","small nuclear ribonucleoprotein U5 subunit 40"
"KEGG_Spliceosome","7307","U2AF1","U2 small nuclear RNA auxiliary factor 1"
"KEGG_Spliceosome","6427","SRSF2","serine and arginine rich splicing factor 2"
"KEGG_Spliceosome","25804","LSM4","LSM4 homolog, U6 small nuclear RNA and mRNA degradation associated"
"KEGG_Spliceosome","57819","LSM2","LSM2 homolog, U6 small nuclear RNA and mRNA degradation associated"
"KEGG_Spliceosome","55702","YJU2","YJU2 splicing factor homolog"
"KEGG_Spliceosome","22794","CASC3","CASC3 exon junction complex subunit"
"KEGG_Spliceosome","23020","SNRNP200","small nuclear ribonucleoprotein U5 subunit 200"
"KEGG_Spliceosome","4116","MAGOH","mago homolog, exon junction complex subunit"
"KEGG_Spliceosome","79228","THOC6","THO complex subunit 6"
"KEGG_Spliceosome","9128","PRPF4","pre-mRNA splicing tri-snRNP complex factor PRPF4"
"KEGG_Spliceosome","6100","RP9","RP9 pre-mRNA splicing factor"
"KEGG_Spliceosome","10291","SF3A1","splicing factor 3a subunit 1"
"KEGG_Spliceosome","10907","TXNL4A","thioredoxin like 4A"
"KEGG_Spliceosome","6632","SNRPD1","small nuclear ribonucleoprotein D1 polypeptide"
"KEGG_Spliceosome","6637","SNRPG","small nuclear ribonucleoprotein polypeptide G"
"KEGG_Spliceosome","8449","DHX16","DEAH-box helicase 16"
"KEGG_Spliceosome","151903","CCDC12","coiled-coil domain containing 12"
"KEGG_Spliceosome","10594","PRPF8","pre-mRNA processing factor 8"
"KEGG_Spliceosome","8175","SF3A2","splicing factor 3a subunit 2"
"KEGG_Spliceosome","51729","WBP11","WW domain binding protein 11"
"KEGG_Spliceosome","9129","PRPF3","pre-mRNA processing factor 3"
"KEGG_Spliceosome","56259","CTNNBL1","catenin beta like 1"
"KEGG_Spliceosome","3183","HNRNPC","heterogeneous nuclear ribonucleoprotein C"
"KEGG_Spliceosome","6626","SNRPA","small nuclear ribonucleoprotein polypeptide A"
"KEGG_Spliceosome","56949","XAB2","XPA binding protein 2"
"KEGG_Spliceosome","10713","USP39","ubiquitin specific peptidase 39"
"KEGG_Spliceosome","51690","LSM7","LSM7 homolog, U6 small nuclear RNA and mRNA degradation associated"
"KEGG_Spliceosome","10465","PPIH","peptidylprolyl isomerase H"
"KEGG_Spliceosome","1659","DHX8","DEAH-box helicase 8"
"KEGG_Spliceosome","10992","SF3B2","splicing factor 3b subunit 2"
"KEGG_Spliceosome","199746","U2AF1L4","U2 small nuclear RNA auxiliary factor 1 like 4"
"KEGG_Spliceosome","83443","SF3B5","splicing factor 3b subunit 5"
"KEGG_Spliceosome","9092","SART1","spliceosome associated factor 1, recruiter of U4/U6.U5 tri-snRNP"
"KEGG_Spliceosome","84321","THOC3","THO complex subunit 3"
"KEGG_Spliceosome","8563","THOC5","THO complex subunit 5"
"KEGG_Spliceosome","6627","SNRPA1","small nuclear ribonucleoprotein polypeptide A'"
"KEGG_Spliceosome","4809","SNU13","small nuclear ribonucleoprotein 13"
"KEGG_Spliceosome","22985","ACIN1","apoptotic chromatin condensation inducer 1"
"KEGG_Spliceosome","3310","HSPA6","heat shock protein family A (Hsp70) member 6"
"KEGG_Spliceosome","84844","PHF5A","PHD finger protein 5A"
"KEGG_Spliceosome","3190","HNRNPK","heterogeneous nuclear ribonucleoprotein K"
"KEGG_Spliceosome","7536","SF1","splicing factor 1"
"KEGG_Spliceosome","6636","SNRPF","small nuclear ribonucleoprotein polypeptide F"
"KEGG_Spliceosome","11157","LSM6","LSM6 homolog, U6 small nuclear RNA and mRNA degradation associated"
"KEGG_Spliceosome","10523","CHERP","calcium homeostasis endoplasmic reticulum protein"
"KEGG_Spliceosome","3312","HSPA8","heat shock protein family A (Hsp70) member 8"
"KEGG_Spliceosome","10084","PQBP1","polyglutamine binding protein 1"
"KEGG_Spliceosome","6631","SNRPC","small nuclear ribonucleoprotein polypeptide C"
"KEGG_Spliceosome","6628","SNRPB","small nuclear ribonucleoprotein polypeptides B and B1"
"KEGG_Spliceosome","4670","HNRNPM","heterogeneous nuclear ribonucleoprotein M"
"KEGG_Spliceosome","55696","RBM22","RNA binding motif protein 22"
"KEGG_Spliceosome","10262","SF3B4","splicing factor 3b subunit 4"
"KEGG_Spliceosome","10189","ALYREF","Aly/REF export factor"
"KEGG_Spliceosome","27339","PRPF19","pre-mRNA processing factor 19"
"KEGG_Spliceosome","9416","DDX23","DEAD-box helicase 23"
"KEGG_Spliceosome","11338","U2AF2","U2 small nuclear RNA auxiliary factor 2"
"KEGG_Spliceosome","24148","PRPF6","pre-mRNA processing factor 6"
"KEGG_Spliceosome","8896","BUD31","BUD31 spliceosome associated protein"
"KEGG_Spliceosome","9775","EIF4A3","eukaryotic translation initiation factor 4A3"
"KEGG_Spliceosome","9343","EFTUD2","elongation factor Tu GTP binding domain containing 2"
"KEGG_Spliceosome","2521","FUS","FUS RNA binding protein"
"KEGG_Spliceosome","6625","SNRNP70","small nuclear ribonucleoprotein U1 subunit 70"
"KEGG_Spliceosome","26121","PRPF31","pre-mRNA processing factor 31"
"KEGG_Spliceosome","23450","SF3B3","splicing factor 3b subunit 3"
"KEGG_Spliceosome","9785","DHX38","DEAH-box helicase 38"
"KEGG_Spliceosome","6633","SNRPD2","small nuclear ribonucleoprotein D2 polypeptide"
"KEGG_Oxidative_Phosphorylation","1537","CYC1","cytochrome c1"
"KEGG_Oxidative_Phosphorylation","498","ATP5F1A","ATP synthase F1 subunit alpha"
"KEGG_Oxidative_Phosphorylation","10063","COX17","cytochrome c oxidase copper chaperone COX17"
"KEGG_Oxidative_Phosphorylation","533","ATP6V0B","ATPase H+ transporting V0 subunit b"
"KEGG_Oxidative_Phosphorylation","1347","COX7A2","cytochrome c oxidase subunit 7A2"
"KEGG_Oxidative_Phosphorylation","7388","UQCRH","ubiquinol-cytochrome c reductase hinge protein"
"KEGG_Oxidative_Phosphorylation","9167","COX7A2L","cytochrome c oxidase subunit 7A2 like"
"KEGG_Oxidative_Phosphorylation","537","ATP6AP1","ATPase H+ transporting accessory protein 1"
"KEGG_Oxidative_Phosphorylation","6391","SDHC","succinate dehydrogenase complex subunit C"
"KEGG_Oxidative_Phosphorylation","7385","UQCRC2","ubiquinol-cytochrome c reductase core protein 2"
"KEGG_Oxidative_Phosphorylation","517","ATP5MC2","ATP synthase membrane subunit c locus 2"
"KEGG_Oxidative_Phosphorylation","6389","SDHA","succinate dehydrogenase complex flavoprotein subunit A"
"KEGG_Oxidative_Phosphorylation","4695","NDUFA2","NADH:ubiquinone oxidoreductase subunit A2"
"KEGG_Oxidative_Phosphorylation","1349","COX7B","cytochrome c oxidase subunit 7B"
"KEGG_Oxidative_Phosphorylation","4702","NDUFA8","NADH:ubiquinone oxidoreductase subunit A8"
"KEGG_Oxidative_Phosphorylation","4708","NDUFB2","NADH:ubiquinone oxidoreductase subunit B2"
"KEGG_Oxidative_Phosphorylation","4724","NDUFS4","NADH:ubiquinone oxidoreductase subunit S4"
"KEGG_Oxidative_Phosphorylation","4710","NDUFB4","NADH:ubiquinone oxidoreductase subunit B4"
"KEGG_Oxidative_Phosphorylation","529","ATP6V1E1","ATPase H+ transporting V1 subunit E1"
"KEGG_Oxidative_Phosphorylation","4709","NDUFB3","NADH:ubiquinone oxidoreductase subunit B3"
"KEGG_Oxidative_Phosphorylation","440567","UQCRHL","ubiquinol-cytochrome c reductase hinge protein like"
"KEGG_Oxidative_Phosphorylation","54539","NDUFB11","NADH:ubiquinone oxidoreductase subunit B11"
"KEGG_Oxidative_Phosphorylation","4720","NDUFS2","NADH:ubiquinone oxidoreductase core subunit S2"
"KEGG_Oxidative_Phosphorylation","8992","ATP6V0E1","ATPase H+ transporting V0 subunit e1"
"KEGG_Oxidative_Phosphorylation","4722","NDUFS3","NADH:ubiquinone oxidoreductase core subunit S3"
"KEGG_Oxidative_Phosphorylation","4713","NDUFB7","NADH:ubiquinone oxidoreductase subunit B7"
"KEGG_Oxidative_Phosphorylation","1329","COX5B","cytochrome c oxidase subunit 5B"
"KEGG_Oxidative_Phosphorylation","126328","NDUFA11","NADH:ubiquinone oxidoreductase subunit A11"
"KEGG_Oxidative_Phosphorylation","374291","NDUFS7","NADH:ubiquinone oxidoreductase core subunit S7"
"KEGG_Oxidative_Phosphorylation","27089","UQCRQ","ubiquinol-cytochrome c reductase complex III subunit VII"
"KEGG_Oxidative_Phosphorylation","513","ATP5F1D","ATP synthase F1 subunit delta"
"KEGG_Oxidative_Phosphorylation","7384","UQCRC1","ubiquinol-cytochrome c reductase core protein 1"
"KEGG_Oxidative_Phosphorylation","1351","COX8A","cytochrome c oxidase subunit 8A"
"KEGG_Oxidative_Phosphorylation","4728","NDUFS8","NADH:ubiquinone oxidoreductase core subunit S8"
"KEGG_Oxidative_Phosphorylation","9296","ATP6V1F","ATPase H+ transporting V1 subunit F"
"KEGG_Oxidative_Phosphorylation","4723","NDUFV1","NADH:ubiquinone oxidoreductase core subunit V1"
"KEGG_Oxidative_Phosphorylation","518","ATP5MC3","ATP synthase membrane subunit c locus 3"
"KEGG_Oxidative_Phosphorylation","10632","ATP5MG","ATP synthase membrane subunit g"
"KEGG_Oxidative_Phosphorylation","4694","NDUFA1","NADH:ubiquinone oxidoreductase subunit A1"
"KEGG_Oxidative_Phosphorylation","29796","UQCR10","ubiquinol-cytochrome c reductase, complex III subunit X"
"KEGG_Oxidative_Phosphorylation","506","ATP5F1B","ATP synthase F1 subunit beta"
"KEGG_Oxidative_Phosphorylation","4726","NDUFS6","NADH:ubiquinone oxidoreductase subunit S6"
"KEGG_Oxidative_Phosphorylation","9377","COX5A","cytochrome c oxidase subunit 5A"
"KEGG_Oxidative_Phosphorylation","4712","NDUFB6","NADH:ubiquinone oxidoreductase subunit B6"
"KEGG_Oxidative_Phosphorylation","4717","NDUFC1","NADH:ubiquinone oxidoreductase subunit C1"
"KEGG_Oxidative_Phosphorylation","1352","COX10","cytochrome c oxidase assembly factor heme A:farnesyltransferase COX10"
"KEGG_Oxidative_Phosphorylation","522","ATP5PF","ATP synthase peripheral stalk subunit F6"
"KEGG_Oxidative_Phosphorylation","4705","NDUFA10","NADH:ubiquinone oxidoreductase subunit A10"
"KEGG_Oxidative_Phosphorylation","10476","ATP5PD","ATP synthase peripheral stalk subunit d"
"KEGG_Oxidative_Phosphorylation","521","ATP5ME","ATP synthase membrane subunit e"
"KEGG_Oxidative_Phosphorylation","1337","COX6A1","cytochrome c oxidase subunit 6A1"
"KEGG_Oxidative_Phosphorylation","1327","COX4I1","cytochrome c oxidase subunit 4I1"
"KEGG_Oxidative_Phosphorylation","4696","NDUFA3","NADH:ubiquinone oxidoreductase subunit A3"
"KEGG_Oxidative_Phosphorylation","9551","ATP5MF","ATP synthase membrane subunit f"
"KEGG_Oxidative_Phosphorylation","4697","COXFA4","cytochrome c oxidase associated subunit FA4"
"KEGG_Oxidative_Phosphorylation","4700","NDUFA6","NADH:ubiquinone oxidoreductase subunit A6"
"KEGG_Oxidative_Phosphorylation","4731","NDUFV3","NADH:ubiquinone oxidoreductase subunit V3"
"KEGG_Oxidative_Phosphorylation","516","ATP5MC1","ATP synthase membrane subunit c locus 1"
"KEGG_Oxidative_Phosphorylation","10975","UQCR11","ubiquinol-cytochrome c reductase, complex III subunit XI"
"KEGG_Oxidative_Phosphorylation","4716","NDUFB10","NADH:ubiquinone oxidoreductase subunit B10"
"KEGG_Oxidative_Phosphorylation","6390","SDHB","succinate dehydrogenase complex iron sulfur subunit B"
"KEGG_Oxidative_Phosphorylation","9114","ATP6V0D1","ATPase H+ transporting V0 subunit d1"
"KEGG_Oxidative_Phosphorylation","4706","NDUFAB1","NADH:ubiquinone oxidoreductase subunit AB1"
"KEGG_Oxidative_Phosphorylation","1340","COX6B1","cytochrome c oxidase subunit 6B1"
"KEGG_Oxidative_Phosphorylation","7386","UQCRFS1","ubiquinol-cytochrome c reductase, Rieske iron-sulfur polypeptide 1"
"KEGG_Oxidative_Phosphorylation","514","ATP5F1E","ATP synthase F1 subunit epsilon"
"KEGG_Oxidative_Phosphorylation","155066","ATP6V0E2","ATPase H+ transporting V0 subunit e2"
